# Export von Tabelle orm_avisota_transport
# ------------------------------------------------------------

INSERT INTO `orm_avisota_transport` (`id`, `createdAt`, `updatedAt`, `type`, `title`, `alias`, `fromAddress`, `fromName`, `setSender`, `senderAddress`, `senderName`, `setReplyTo`, `replyToAddress`, `replyToName`, `swiftUseSmtp`, `swiftSmtpHost`, `swiftSmtpUser`, `swiftSmtpPass`, `swiftSmtpEnc`, `swiftSmtpPort`, `serviceName`)
VALUES
	('24b10919-fc59-11e3-a4a1-3a6a52c9f196','2014-06-25 13:09:15','2015-07-16 10:55:25','swift','Lokaler Mailserver','lokaler-mailserver','info@avisota.org','Acme Company',1,'info@avisota.org','Acme Company Newsletter',1,'info@avisota.org','Acme Company - Newsletter Team','swiftSmtpOn','smtp.gmail.com','baumann.sv@googlemail.com','130199kb','tls','25',NULL);


# Export von Tabelle orm_avisota_queue
# ------------------------------------------------------------

INSERT INTO `orm_avisota_queue` (`id`, `transport`, `createdAt`, `updatedAt`, `type`, `title`, `alias`, `maxSendTime`, `maxSendCount`, `cyclePause`, `simpleDatabaseQueueTable`, `allowManualSending`)
VALUES
	('8551297d-014c-11e4-9977-f5a65ee3570d','24b10919-fc59-11e3-a4a1-3a6a52c9f196','2014-07-01 20:21:29','2014-07-01 20:21:31','simpleDatabase','Queue','queue','25','100','10','avisota_queue',1);


# Export von Tabelle orm_avisota_theme
# ------------------------------------------------------------

INSERT INTO `orm_avisota_theme` (`id`, `createdAt`, `updatedAt`, `title`, `alias`, `templateDirectory`)
VALUES
	('de321153-0205-11e4-954e-ea727c17fdb3','2014-07-02 18:28:15','2014-08-03 15:21:01','Avisota Demo','avisota-demo','avisota-demo/newsletter');


# Export von Tabelle orm_avisota_layout
# ------------------------------------------------------------

INSERT INTO `orm_avisota_layout` (`id`, `theme`, `createdAt`, `updatedAt`, `type`, `title`, `alias`, `preview`, `stylesheets`, `allowedCellContents`, `clearStyles`, `mailChimpTemplate`)
VALUES
	('09c8f7bd-0208-11e4-954e-ea727c17fdb3','de321153-0205-11e4-954e-ea727c17fdb3','2014-07-02 18:43:47','2014-07-02 19:11:02','mailChimp','Anmelde E-Mail','anmelde-e-mail','','a:1:{i:0;s:17:\"contao:newsletter\";}','a:15:{i:0;s:12:\"header:image\";i:1;s:13:\"left:headline\";i:2;s:14:\"left:hyperlink\";i:3;s:9:\"left:list\";i:4;s:10:\"left:table\";i:5;s:9:\"left:text\";i:6;s:10:\"left:image\";i:7;s:12:\"left:gallery\";i:8;s:9:\"left:news\";i:9;s:12:\"left:article\";i:10;s:10:\"left:event\";i:11;s:13:\"left:download\";i:12;s:14:\"left:downloads\";i:13;s:11:\"footer:text\";i:14;s:12:\"footer:image\";}',0,'templates:transactional-basic'),
	('125cc462-02dc-11e4-9560-ea73802745e5','de321153-0205-11e4-954e-ea727c17fdb3','2014-07-03 20:01:35','2014-07-03 20:01:35','default','Website','website','',NULL,NULL,NULL,NULL),
	('f9511968-0213-11e4-954e-ea727c17fdb3','de321153-0205-11e4-954e-ea727c17fdb3','2014-07-02 20:09:13','2014-07-02 20:09:13','mailChimp','Standardlayout','standardlayout','','s:0:\"\";','a:39:{i:0;s:12:\"header:image\";i:1;s:13:\"left:headline\";i:2;s:14:\"left:hyperlink\";i:3;s:9:\"left:list\";i:4;s:10:\"left:table\";i:5;s:9:\"left:text\";i:6;s:10:\"left:image\";i:7;s:12:\"left:gallery\";i:8;s:9:\"left:news\";i:9;s:12:\"left:article\";i:10;s:10:\"left:event\";i:11;s:13:\"left:download\";i:12;s:14:\"left:downloads\";i:13;s:14:\"right:headline\";i:14;s:15:\"right:hyperlink\";i:15;s:10:\"right:list\";i:16;s:11:\"right:table\";i:17;s:10:\"right:text\";i:18;s:11:\"right:image\";i:19;s:13:\"right:gallery\";i:20;s:10:\"right:news\";i:21;s:13:\"right:article\";i:22;s:11:\"right:event\";i:23;s:14:\"right:download\";i:24;s:15:\"right:downloads\";i:25;s:13:\"main:headline\";i:26;s:14:\"main:hyperlink\";i:27;s:9:\"main:list\";i:28;s:10:\"main:table\";i:29;s:9:\"main:text\";i:30;s:10:\"main:image\";i:31;s:12:\"main:gallery\";i:32;s:9:\"main:news\";i:33;s:12:\"main:article\";i:34;s:10:\"main:event\";i:35;s:13:\"main:download\";i:36;s:14:\"main:downloads\";i:37;s:11:\"footer:text\";i:38;s:12:\"footer:image\";}',0,'templates:2col-1-2');


# Export von Tabelle orm_avisota_recipient_source
# ------------------------------------------------------------

INSERT INTO `orm_avisota_recipient_source` (`id`, `createdAt`, `updatedAt`, `title`, `alias`, `type`, `unionRecipientSources`, `unionClean`, `csvFileSrc`, `csvColumnAssignment`, `csvFileDelimiter`, `csvFileEnclosure`, `dummyMinCount`, `dummyMaxCount`, `filter`, `filterByMailingLists`, `disable`, `salutation`, `membersUseGroupFilter`, `membersGroupFilter`, `membersUsePropertyFilter`, `membersPropertyFilter`, `recipientsManageSubscriptionPage`, `recipientsUnsubscribePage`, `recipientsDetails`, `recipientsUsePropertyFilter`, `recipientsPropertyFilter`)
VALUES
	('21503c01-1d81-11e4-a1f3-0f112aa1a96c','2014-08-06 17:48:37','2014-08-06 17:48:37','Mitglieder - Männlich','mitglieder-maennlich','members',NULL,NULL,NULL,NULL,'comma','double',0,0,1,NULL,0,'',0,NULL,1,'[{\"membersPropertyFilter_property\":\"gender\",\"membersPropertyFilter_comparator\":\"eq\",\"membersPropertyFilter_value\":\"male\"}]',NULL,NULL,'recipients_details',NULL,NULL),
	('236fb981-1d65-11e4-a1f3-0f112aa1a96c','2014-08-06 14:28:15','2014-09-17 08:07:19','Mitglieder - Partner','mitglieder-partner','members',NULL,NULL,NULL,NULL,'comma','double',0,0,1,0,0,'',1,'[{\"membersGroupFilter_condition\":\"in\",\"membersGroupFilter_group\":\"2\"}]',0,NULL,NULL,NULL,'recipients_details',NULL,NULL),
	('30801d6a-1d65-11e4-a1f3-0f112aa1a96c','2014-08-06 14:28:37','2014-08-06 14:28:48','Mitglieder - Einfache Mitglieder und Partner','mitglieder-einfache-mitglieder-und-partner','members',NULL,NULL,NULL,NULL,'comma','double',0,0,1,0,0,'',1,'[{\"membersGroupFilter_condition\":\"in\",\"membersGroupFilter_group\":\"1\"},{\"membersGroupFilter_condition\":\"in\",\"membersGroupFilter_group\":\"2\"}]',0,NULL,NULL,NULL,'recipients_details',NULL,NULL),
	('6194e33b-01e5-11e4-954e-ea727c17fdb3','2014-07-02 14:35:42','2014-09-19 08:34:10','Zufallsgenerator','random','dummy',NULL,NULL,NULL,NULL,'comma','double',100,200,0,NULL,0,'c386fabb-02c8-11e4-9560-ea73802745e5',NULL,NULL,NULL,NULL,NULL,NULL,'recipients_details',NULL,NULL),
	('70e59539-1d63-11e4-a1f3-0f112aa1a96c','2014-08-06 14:16:06','2014-08-06 14:26:14','Mitglieder - Einfache Mitglieder','mitglieder-einfache-mitglieder','members',NULL,NULL,NULL,NULL,'comma','double',0,0,1,0,0,'',1,'[{\"membersGroupFilter_condition\":\"in\",\"membersGroupFilter_group\":\"1\"}]',0,NULL,NULL,NULL,'recipients_details',NULL,NULL),
	('848f4eac-01e8-11e4-954e-ea727c17fdb3','2014-07-02 14:58:09','2014-07-03 18:29:11','Integrierte Empfänger','integrated-recipients','recipients',NULL,NULL,NULL,NULL,'comma','double',0,0,0,1,0,'b220b757-0210-11e4-954e-ea727c17fdb3',NULL,NULL,NULL,NULL,0,7,'recipients_details',1,'[{\"recipientsPropertyFilter_property\":\"forename\",\"recipientsPropertyFilter_comparator\":\"not empty\",\"recipientsPropertyFilter_value\":\"\"},{\"recipientsPropertyFilter_property\":\"surname\",\"recipientsPropertyFilter_comparator\":\"not empty\",\"recipientsPropertyFilter_value\":\"\"},{\"recipientsPropertyFilter_property\":\"gender\",\"recipientsPropertyFilter_comparator\":\"eq\",\"recipientsPropertyFilter_value\":\"female\"}]'),
	('9c14570a-1d81-11e4-a1f3-0f112aa1a96c','2014-08-06 17:52:03','2014-08-06 17:52:03','Mitglieder - Weiblich','mitglieder-weiblich','members',NULL,NULL,NULL,NULL,'comma','double',0,0,1,NULL,0,'',0,NULL,1,'[{\"membersPropertyFilter_property\":\"gender\",\"membersPropertyFilter_comparator\":\"eq\",\"membersPropertyFilter_value\":\"female\"}]',NULL,NULL,'recipients_details',NULL,NULL),
	('cc823c4d-1d64-11e4-a1f3-0f112aa1a96c','2014-08-06 14:25:49','2014-08-06 14:25:49','Mitglieder - Alle','mitglieder-alle','members',NULL,NULL,NULL,NULL,'comma','double',0,0,0,NULL,0,'',NULL,NULL,NULL,NULL,NULL,NULL,'recipients_details',NULL,NULL),
	('f4a9d6e3-01e0-11e4-954e-ea727c17fdb3','2014-07-02 14:04:01','2014-07-02 14:34:53','CSV','csv','csv_file',NULL,NULL,X'B7ED1EADFC5711E3A4A13A6A52C9F196','a:3:{i:0;a:2:{s:6:\"column\";s:1:\"1\";s:5:\"field\";s:5:\"email\";}i:1;a:2:{s:6:\"column\";s:1:\"2\";s:5:\"field\";s:8:\"forename\";}i:2;a:2:{s:6:\"column\";s:1:\"3\";s:5:\"field\";s:7:\"surname\";}}','comma','double',0,0,0,NULL,0,'',NULL,NULL,NULL,NULL,NULL,NULL,'recipients_details',NULL,NULL);


# Export von Tabelle orm_avisota_mailing_list
# ------------------------------------------------------------

INSERT INTO `orm_avisota_mailing_list` (`id`, `createdAt`, `updatedAt`, `title`, `alias`)
VALUES
	('1c2f41f4-01df-11e4-954e-ea727c17fdb3','2014-07-02 13:50:49','2014-07-02 13:50:49','Rock','rock'),
	('1f0a5edf-01df-11e4-954e-ea727c17fdb3','2014-07-02 13:50:53','2014-07-02 13:50:53','Techno','techno'),
	('213b6609-01df-11e4-954e-ea727c17fdb3','2014-07-02 13:50:57','2014-07-02 13:50:57','Klassik','klassik');


# Export von Tabelle orm_avisota_recipient_source_mailing_lists
# ------------------------------------------------------------

INSERT INTO `orm_avisota_recipient_source_mailing_lists` (`recipientSource`, `mailingList`)
VALUES
	('848f4eac-01e8-11e4-954e-ea727c17fdb3','1c2f41f4-01df-11e4-954e-ea727c17fdb3');


# Export von Tabelle orm_avisota_message_category
# ------------------------------------------------------------


INSERT INTO `orm_avisota_message_category` (`id`, `layout`, `queue`, `createdAt`, `updatedAt`, `title`, `alias`, `recipientsMode`, `layoutMode`, `queueMode`, `viewOnlinePage`, `boilerplates`, `showInMenu`, `useCustomMenuIcon`, `menuIcon`, `salutation`, `recipientSource`)
VALUES
	('0133f756-02c3-11e4-9560-ea73802745e5','f9511968-0213-11e4-954e-ea727c17fdb3','8551297d-014c-11e4-9977-f5a65ee3570d','2014-07-03 17:02:08','2014-07-03 17:02:08','Rock','rock','byCategory','byCategory','byCategory',0,0,0,0,NULL,'','848f4eac-01e8-11e4-954e-ea727c17fdb3'),
	('0b6b978c-02c3-11e4-9560-ea73802745e5',NULL,NULL,'2014-07-03 17:02:26','2014-07-03 17:02:26','Techno','techno','byMessage','byMessage','byMessage',0,0,0,0,NULL,'',NULL),
	('b6a3c765-02c4-11e4-9560-ea73802745e5','f9511968-0213-11e4-954e-ea727c17fdb3','8551297d-014c-11e4-9977-f5a65ee3570d','2014-07-03 17:14:22','2014-09-09 11:51:00','Pop','pop','byMessageOrCategory','byMessageOrCategory','byMessageOrCategory',0,0,1,0,NULL,'b220b757-0210-11e4-954e-ea727c17fdb3','848f4eac-01e8-11e4-954e-ea727c17fdb3'),
	('e6c4fe32-0211-11e4-954e-ea727c17fdb3',NULL,NULL,'2014-07-02 19:54:23','2014-07-02 19:54:23','Vorlagen','vorlagen','byCategory','byCategory','byCategory',NULL,1,NULL,0,NULL,'',NULL);


# Export von Tabelle orm_avisota_message
# ------------------------------------------------------------

INSERT INTO `orm_avisota_message` (`id`, `category`, `layout`, `queue`, `createdAt`, `updatedAt`, `subject`, `alias`, `language`, `description`, `keywords`, `setRecipients`, `setLayout`, `setQueue`, `addFile`, `files`, `sendOn`, `gaEnable`, `gaCampaign`, `gaTerm`, `recipientSource`)
VALUES
	('0a9fd954-0212-11e4-954e-ea727c17fdb3','e6c4fe32-0211-11e4-954e-ea727c17fdb3','09c8f7bd-0208-11e4-954e-ea727c17fdb3',NULL,'2014-07-02 19:55:23','2014-07-02 19:55:23','Anmelde-Bestätigung','anmelde-bestaetigung','de','','',NULL,NULL,NULL,0,NULL,NULL,0,'','',NULL),
	('68da56a4-02c4-11e4-9560-ea73802745e5','0b6b978c-02c3-11e4-9560-ea73802745e5','f9511968-0213-11e4-954e-ea727c17fdb3','8551297d-014c-11e4-9977-f5a65ee3570d','2014-07-03 17:12:12','2015-07-16 05:05:13','Techno Juli #14','techno-juli-14','de','','',NULL,NULL,NULL,0,NULL,NULL,0,'','','848f4eac-01e8-11e4-954e-ea727c17fdb3'),
	('bee8c498-02c4-11e4-9560-ea73802745e5','b6a3c765-02c4-11e4-9560-ea73802745e5','f9511968-0213-11e4-954e-ea727c17fdb3','8551297d-014c-11e4-9977-f5a65ee3570d','2014-07-03 17:14:36','2015-07-18 14:08:37','Pop Juli #14','pop-juli-14','de','','',1,1,1,1,X'613A323A7B693A303B733A31363A227428ADF2028711E49560EA73802745E5223B693A313B733A31363A22B7ED1E9FFC5711E3A4A13A6A52C9F196223B7D',NULL,0,'','','848f4eac-01e8-11e4-954e-ea727c17fdb3'),
	('cc87fadc-0213-11e4-954e-ea727c17fdb3','e6c4fe32-0211-11e4-954e-ea727c17fdb3','f9511968-0213-11e4-954e-ea727c17fdb3',NULL,'2014-07-02 20:07:58','2014-07-02 20:09:42','Abmelde-Bestätigung','abmelde-bestaetigung','de','','',NULL,NULL,NULL,0,NULL,NULL,0,'','',NULL);


# Export von Tabelle orm_avisota_message_content
# ------------------------------------------------------------

INSERT INTO `orm_avisota_message_content` (`id`, `message`, `createdAt`, `updatedAt`, `sorting`, `cell`, `type`, `protected`, `groups`, `guests`, `cssID`, `space`, `invisible`, `unmodifiable`, `undeletable`, `headline`, `url`, `linkTitle`, `embed`, `addImage`, `imageSource`, `imageAlt`, `imageSize`, `imageMargin`, `imageUrl`, `imageCaption`, `imageFloating`, `listType`, `listItems`, `tableItems`, `tableSummary`, `tableHeader`, `tableFooter`, `text`, `articleId`, `articleFull`, `downloadSource`, `downloadTitle`, `downloadSources`, `eventIdWithTimestamp`, `eventTemplate`, `imageSources`, `perRow`, `sortBy`, `newsId`, `newsTemplate`)
VALUES
	('0ae3990d-1bd6-11e4-a1f3-0f112aa1a96c','bee8c498-02c4-11e4-9560-ea73802745e5','2014-08-04 14:51:24','2014-09-09 11:46:16',1280,'main','text',NULL,NULL,NULL,'a:2:{i:0;s:0:\"\";i:1;s:0:\"\";}','a:2:{i:0;s:0:\"\";i:1;s:0:\"\";}',0,0,0,'a:2:{s:5:\"value\";s:0:\"\";s:4:\"unit\";s:2:\"h1\";}',NULL,NULL,NULL,0,NULL,NULL,NULL,NULL,NULL,NULL,'s:5:\"above\";',NULL,NULL,NULL,NULL,NULL,NULL,'<p>afds</p>',NULL,0,NULL,NULL,NULL,NULL,NULL,NULL,'4',NULL,NULL,NULL),
	('19f62f42-0214-11e4-954e-ea727c17fdb3','cc87fadc-0213-11e4-954e-ea727c17fdb3','2014-07-02 20:10:08','2014-07-02 20:10:08',256,'main','text',NULL,NULL,NULL,'a:2:{i:0;s:0:\"\";i:1;s:0:\"\";}','a:2:{i:0;s:0:\"\";i:1;s:0:\"\";}',0,0,0,'a:2:{s:5:\"value\";s:0:\"\";s:4:\"unit\";s:2:\"h1\";}',NULL,NULL,NULL,0,NULL,NULL,NULL,NULL,NULL,NULL,'s:5:\"above\";',NULL,NULL,NULL,NULL,NULL,NULL,'<p>Vielen Dank für Ihr Interesse,<br>\nwir hoffen Sie bald wieder als Abonnent begrüßen zu dürfen.</p>',NULL,0,NULL,NULL,NULL,NULL,NULL,NULL,'4',NULL,NULL,NULL),
	('225b53f6-1bd6-11e4-a1f3-0f112aa1a96c','bee8c498-02c4-11e4-9560-ea73802745e5','2014-08-04 14:52:04','2014-09-09 11:46:16',1536,'main','text',NULL,NULL,NULL,'a:2:{i:0;s:0:\"\";i:1;s:0:\"\";}','a:2:{i:0;s:0:\"\";i:1;s:0:\"\";}',0,0,0,'a:2:{s:5:\"value\";s:0:\"\";s:4:\"unit\";s:2:\"h1\";}',NULL,NULL,NULL,0,NULL,NULL,NULL,NULL,NULL,NULL,'s:5:\"above\";',NULL,NULL,NULL,NULL,NULL,NULL,'<p>655656</p>',NULL,0,NULL,NULL,NULL,NULL,NULL,NULL,'4',NULL,NULL,NULL),
	('4a24766c-0212-11e4-954e-ea727c17fdb3','0a9fd954-0212-11e4-954e-ea727c17fdb3','2014-07-02 19:57:10','2014-07-02 19:57:13',512,'left','text',NULL,NULL,NULL,'a:2:{i:0;s:0:\"\";i:1;s:0:\"\";}','a:2:{i:0;s:0:\"\";i:1;s:0:\"\";}',0,0,0,'a:2:{s:5:\"value\";s:0:\"\";s:4:\"unit\";s:2:\"h1\";}',NULL,NULL,NULL,0,NULL,NULL,NULL,NULL,NULL,NULL,'s:5:\"above\";',NULL,NULL,NULL,NULL,NULL,NULL,'<p>Vielen Dank für Ihre Anmeldung zu unserem Newsletter,<br>\nSie müssen Ihr Abonnement noch bestätigen.</p>',NULL,0,NULL,NULL,NULL,NULL,NULL,NULL,'4',NULL,NULL,NULL),
	('510cfed6-1bd4-11e4-a1f3-0f112aa1a96c','bee8c498-02c4-11e4-9560-ea73802745e5','2014-08-04 14:39:03','2014-09-09 11:46:16',1792,'main','text',NULL,NULL,NULL,'a:2:{i:0;s:0:\"\";i:1;s:0:\"\";}','a:2:{i:0;s:0:\"\";i:1;s:0:\"\";}',0,0,0,'a:2:{s:5:\"value\";s:0:\"\";s:4:\"unit\";s:2:\"h1\";}',NULL,NULL,NULL,0,NULL,NULL,NULL,NULL,NULL,NULL,'s:5:\"above\";',NULL,NULL,NULL,NULL,NULL,NULL,'<p>asfd</p>',NULL,0,NULL,NULL,NULL,NULL,NULL,NULL,'4',NULL,NULL,NULL),
	('5b549287-1bd4-11e4-a1f3-0f112aa1a96c','bee8c498-02c4-11e4-9560-ea73802745e5','2014-08-04 14:39:20','2014-09-09 11:46:16',1024,'main','news',NULL,NULL,NULL,'a:2:{i:0;s:0:\"\";i:1;s:0:\"\";}','a:2:{i:0;s:0:\"\";i:1;s:0:\"\";}',0,0,0,'a:2:{s:5:\"value\";s:0:\"\";s:4:\"unit\";s:2:\"h1\";}',NULL,NULL,NULL,0,NULL,NULL,NULL,NULL,NULL,NULL,'s:5:\"above\";',NULL,NULL,NULL,NULL,NULL,NULL,'<p>asfd</p>',NULL,0,NULL,NULL,NULL,NULL,NULL,NULL,'4',NULL,1,'news_full'),
	('5f3043d7-02c6-11e4-9560-ea73802745e5','bee8c498-02c4-11e4-9560-ea73802745e5','2014-07-03 17:26:15','2014-09-09 11:46:16',512,'main','text',NULL,NULL,NULL,'a:2:{i:0;s:0:\"\";i:1;s:0:\"\";}','a:2:{i:0;s:0:\"\";i:1;s:0:\"\";}',0,0,0,'a:2:{s:5:\"value\";s:0:\"\";s:4:\"unit\";s:2:\"h1\";}',NULL,NULL,NULL,0,NULL,NULL,NULL,NULL,NULL,NULL,'s:5:\"above\";',NULL,NULL,NULL,NULL,NULL,NULL,'<p>Hello <b>world</b></p>',2,0,NULL,NULL,NULL,NULL,NULL,NULL,'4',NULL,NULL,NULL),
	('64665cfc-1bd4-11e4-a1f3-0f112aa1a96c','bee8c498-02c4-11e4-9560-ea73802745e5','2014-08-04 14:39:35','2014-09-09 11:46:16',768,'main','text',NULL,NULL,NULL,'a:2:{i:0;s:0:\"\";i:1;s:0:\"\";}','a:2:{i:0;s:0:\"\";i:1;s:0:\"\";}',0,0,0,'a:2:{s:5:\"value\";s:0:\"\";s:4:\"unit\";s:2:\"h1\";}',NULL,NULL,NULL,0,NULL,NULL,NULL,NULL,NULL,NULL,'s:5:\"above\";',NULL,NULL,NULL,NULL,NULL,NULL,'<p>1234</p>',NULL,0,NULL,NULL,NULL,NULL,NULL,NULL,'4',NULL,NULL,NULL),
	('8a772f92-1728-11e4-a1e6-0e1128957792','bee8c498-02c4-11e4-9560-ea73802745e5','2014-07-29 15:59:21','2014-08-03 20:17:25',128,'footer','text',NULL,NULL,NULL,'a:2:{i:0;s:0:\"\";i:1;s:0:\"\";}','a:2:{i:0;s:0:\"\";i:1;s:0:\"\";}',0,0,0,'a:2:{s:5:\"value\";s:0:\"\";s:4:\"unit\";s:2:\"h1\";}',NULL,NULL,NULL,0,NULL,NULL,NULL,NULL,NULL,NULL,'s:5:\"above\";',NULL,NULL,NULL,NULL,NULL,NULL,'afsdafdfafsd fsdadsd',NULL,0,NULL,NULL,NULL,NULL,NULL,NULL,'4',NULL,NULL,NULL),
	('aaf88fe5-1b43-11e4-a913-08606ec58ee0','bee8c498-02c4-11e4-9560-ea73802745e5','2014-08-03 21:23:37','2014-11-03 12:03:33',128,'header','image',NULL,NULL,NULL,'a:2:{i:0;s:0:\"\";i:1;s:0:\"\";}','a:2:{i:0;s:0:\"\";i:1;s:0:\"\";}',0,0,0,'a:2:{s:5:\"value\";s:0:\"\";s:4:\"unit\";s:2:\"h1\";}',NULL,NULL,NULL,NULL,X'742D9228028711E49560EA73802745E5','','a:3:{i:0;s:0:\"\";i:1;s:0:\"\";i:2;s:4:\"crop\";}','a:5:{s:3:\"top\";s:0:\"\";s:5:\"right\";s:0:\"\";s:6:\"bottom\";s:0:\"\";s:4:\"left\";s:0:\"\";s:4:\"unit\";s:0:\"\";}','','','s:5:\"above\";',NULL,NULL,NULL,NULL,NULL,NULL,NULL,NULL,0,NULL,NULL,NULL,NULL,NULL,NULL,'4',NULL,NULL,NULL),
	('e559f2fc-3816-11e4-a185-08606ec58ee0','bee8c498-02c4-11e4-9560-ea73802745e5','2014-09-09 11:46:10','2014-09-09 11:46:16',256,'main','salutation',NULL,NULL,NULL,'a:2:{i:0;s:0:\"\";i:1;s:0:\"\";}','a:2:{i:0;s:0:\"\";i:1;s:0:\"\";}',0,0,0,NULL,NULL,NULL,NULL,NULL,NULL,NULL,NULL,NULL,NULL,NULL,'s:5:\"above\";',NULL,NULL,NULL,NULL,NULL,NULL,NULL,NULL,0,NULL,NULL,NULL,NULL,NULL,NULL,'4',NULL,NULL,NULL);


# Export von Tabelle orm_avisota_salutation_group
# ------------------------------------------------------------

INSERT INTO `orm_avisota_salutation_group` (`id`, `createdAt`, `updatedAt`, `title`, `alias`)
VALUES
	('b220b757-0210-11e4-954e-ea727c17fdb3','2014-07-02 19:45:45','2014-07-02 19:45:45','Default group generated at 2014-07-02 19:45','default-group-generated-at-2014-07-02-1945');


# Export von Tabelle orm_avisota_salutation
# ------------------------------------------------------------

INSERT INTO `orm_avisota_salutation` (`id`, `createdAt`, `updatedAt`, `sorting`, `salutation`, `enableGenderFilter`, `genderFilter`, `enableRequiredFieldsFilter`, `requiredFieldsFilter`, `salutationGroup`)
VALUES
	('2b2e27d7-02b7-11e4-9560-ea73802745e5','2014-07-03 15:37:25','2014-07-03 15:37:25',256,NULL,NULL,NULL,NULL,NULL,NULL),
	('b22131a6-0210-11e4-954e-ea727c17fdb3','2014-07-02 19:45:45','2014-07-03 16:28:38',4096,'afdsfsa',1,'male',1,'a:3:{i:0;s:5:\"title\";i:1;s:8:\"forename\";i:2;s:7:\"surname\";}','b220b757-0210-11e4-954e-ea727c17fdb3'),
	('b2214631-0210-11e4-954e-ea727c17fdb3','2014-07-02 19:45:45','2014-07-03 16:28:38',8192,'Sehr geehrte ##title## ##forename## ##surname##',1,'female',1,'a:3:{i:0;s:5:\"title\";i:1;s:8:\"forename\";i:2;s:7:\"surname\";}','b220b757-0210-11e4-954e-ea727c17fdb3'),
	('b2215aab-0210-11e4-954e-ea727c17fdb3','2014-07-02 19:45:45','2014-07-03 16:28:38',12288,'Lieber Herr  ##forename## ##surname##',1,'male',1,'a:2:{i:0;s:8:\"forename\";i:1;s:7:\"surname\";}','b220b757-0210-11e4-954e-ea727c17fdb3'),
	('b2216dc9-0210-11e4-954e-ea727c17fdb3','2014-07-02 19:45:45','2014-07-03 16:28:38',16384,'Liebe Frau ##forename## ##surname##',1,'female',1,'a:2:{i:0;s:8:\"forename\";i:1;s:7:\"surname\";}','b220b757-0210-11e4-954e-ea727c17fdb3'),
	('b22182ca-0210-11e4-954e-ea727c17fdb3','2014-07-02 19:45:45','2014-07-03 16:28:38',20480,'Lieber Herr ##surname##',1,'male',1,'a:1:{i:0;s:7:\"surname\";}','b220b757-0210-11e4-954e-ea727c17fdb3'),
	('b2219909-0210-11e4-954e-ea727c17fdb3','2014-07-02 19:45:45','2014-07-03 16:28:38',24576,'Liebe Frau ##surname##',1,'female',1,'a:1:{i:0;s:7:\"surname\";}','b220b757-0210-11e4-954e-ea727c17fdb3'),
	('b221ac54-0210-11e4-954e-ea727c17fdb3','2014-07-02 19:45:45','2014-07-03 16:28:38',28672,'Sehr geehrte/r Frau/Herr ##title## forename## ##surname##',NULL,NULL,1,'a:3:{i:0;s:5:\"title\";i:1;s:8:\"forename\";i:2;s:7:\"surname\";}','b220b757-0210-11e4-954e-ea727c17fdb3'),
	('b221c00b-0210-11e4-954e-ea727c17fdb3','2014-07-02 19:45:45','2014-07-03 16:28:38',32768,'Sehr geehrte/r Frau/Herr ##forename ## ##surname##',NULL,NULL,1,'a:2:{i:0;s:8:\"forename\";i:1;s:7:\"surname\";}','b220b757-0210-11e4-954e-ea727c17fdb3'),
	('b221d510-0210-11e4-954e-ea727c17fdb3','2014-07-02 19:45:45','2014-07-03 16:28:38',36864,'Sehr geehrte/r Frau/Herr ##surname##',NULL,NULL,1,'a:1:{i:0;s:7:\"surname\";}','b220b757-0210-11e4-954e-ea727c17fdb3'),
	('b221e833-0210-11e4-954e-ea727c17fdb3','2014-07-02 19:45:45','2014-07-03 16:28:38',40960,'Sehr geehrte Empfängerin,\r\nSehr geehrter Empfänger,',NULL,NULL,NULL,NULL,'b220b757-0210-11e4-954e-ea727c17fdb3'),
	('e617dbb4-02b6-11e4-9560-ea73802745e5','2014-07-03 15:35:29','2014-07-03 15:35:29',64,NULL,NULL,NULL,NULL,NULL,NULL),
	('f49df909-02b6-11e4-9560-ea73802745e5','2014-07-03 15:35:53','2014-07-03 15:35:53',128,NULL,NULL,NULL,NULL,NULL,NULL);


# Export von Tabelle tl_article
# ------------------------------------------------------------

INSERT INTO `tl_article` (`id`, `pid`, `sorting`, `tstamp`, `title`, `alias`, `author`, `inColumn`, `keywords`, `showTeaser`, `teaserCssID`, `teaser`, `printable`, `protected`, `groups`, `guests`, `cssID`, `space`, `published`, `start`, `stop`, `inheritable`, `customTpl`)
VALUES
	(1,2,128,1403696287,'Übersicht',X'696E646578',1,'main',NULL,'','',NULL,'','',NULL,'','','','1','','','1',''),
	(2,3,128,1403696297,'Abonnenten',X'61626F6E6E656E74656E',1,'main',NULL,'','',NULL,'','',NULL,'','','','1','','','1',''),
	(3,4,128,1403701969,'Google Analytics',X'676F6F676C652D616E616C7974696373',1,'main',NULL,'','',NULL,'','',NULL,'','','','1','','','1',''),
	(4,5,128,1403699186,'Website Integration',X'776562736974652D696E746567726174696F6E',1,'main',NULL,'','',NULL,'','',NULL,'','','','1','','','1',''),
	(5,6,128,1403700022,'Anmeldeformular',X'616E6D656C6465666F726D756C6172',1,'main',NULL,'','',NULL,'','',NULL,'','','','1','','','1',''),
	(6,7,128,1403700028,'Abmeldeformular',X'61626D656C6465666F726D756C6172',1,'main',NULL,'','',NULL,'','',NULL,'','','','1','','','1',''),
	(15,16,128,1404410437,'Ansicht',X'776562736974652D696E746567726174696F6E2D616E7369636874',1,'main',NULL,'','',NULL,'','',NULL,'','','','1','','','1',''),
	(8,9,128,1403701954,'Google Analytics',X'676F6F676C652D616E616C7974696373',1,'main',NULL,'','',NULL,'','',NULL,'','','','1','','','1',''),
	(9,10,128,1403702290,'Themes',X'7468656D6573',1,'main',NULL,'','',NULL,'','',NULL,'','','','1','','','1',''),
	(10,11,128,1404365516,'Bestätigung',X'626573746165746967756E67',1,'main',NULL,'','',NULL,'','',NULL,'','','','1','','','1',''),
	(11,12,128,1404365528,'Aktivierung',X'616B746976696572756E67',1,'main',NULL,'','',NULL,'','',NULL,'','','','1','','','1',''),
	(12,13,128,1404365538,'Aktivierungsbestätigung',X'616B746976696572756E6773626573746165746967756E67',1,'main',NULL,'','',NULL,'','',NULL,'','','','1','','','1',''),
	(13,14,128,1404365596,'Fehlerhafte Aktivierung',X'6665686C657268616674652D616B746976696572756E67',1,'main',NULL,'','',NULL,'','',NULL,'','','','1','','','1',''),
	(14,15,128,1404380359,'Bestätigung',X'',1,'main',NULL,'','',NULL,'','',NULL,'','','','1','','','1',''),
	(16,17,128,1410846314,'Inhaltselemente',X'696E68616C7473656C656D656E7465',1,'main',NULL,'','',NULL,'','',NULL,'','','','1','','','1',''),
	(17,18,128,1410847084,'Events',X'696E68616C7473656C656D656E74652D6576656E7473',1,'main',NULL,'','',NULL,'','',NULL,'','','','1','','','1',''),
	(18,19,128,1410847743,'Nachrichten',X'696E68616C7473656C656D656E74652D6E6163687269636874656E',1,'main',NULL,'','',NULL,'','',NULL,'','','','1','','','1',''),
	(19,20,128,1410847842,'Leser',X'696E68616C7473656C656D656E74652D6E6163687269636874656E2D6C65736572',1,'main',NULL,'','',NULL,'','',NULL,'','','','1','','','1','');


# Export von Tabelle tl_content
# ------------------------------------------------------------

INSERT INTO `tl_content` (`id`, `pid`, `ptable`, `sorting`, `tstamp`, `type`, `headline`, `text`, `addImage`, `singleSRC`, `alt`, `title`, `size`, `imagemargin`, `imageUrl`, `fullsize`, `caption`, `floating`, `html`, `listtype`, `listitems`, `tableitems`, `summary`, `thead`, `tfoot`, `tleft`, `sortable`, `sortIndex`, `sortOrder`, `mooHeadline`, `mooStyle`, `mooClasses`, `highlight`, `shClass`, `code`, `url`, `target`, `titleText`, `linkTitle`, `embed`, `rel`, `useImage`, `multiSRC`, `orderSRC`, `useHomeDir`, `perRow`, `perPage`, `numberOfItems`, `sortBy`, `galleryTpl`, `playerSRC`, `youtube`, `posterSRC`, `playerSize`, `autoplay`, `sliderDelay`, `sliderSpeed`, `sliderStartSlide`, `sliderContinuous`, `cteAlias`, `articleAlias`, `article`, `form`, `module`, `protected`, `groups`, `guests`, `cssID`, `space`, `invisible`, `start`, `stop`, `com_order`, `com_perPage`, `com_moderate`, `com_bbcode`, `com_disableCaptcha`, `com_requireLogin`, `com_template`, `twig`, `customTpl`, `metaIgnore`)
VALUES
	(1,1,'tl_article',128,1403699808,'text','a:2:{s:4:\"unit\";s:2:\"h1\";s:5:\"value\";s:10:\"Übersicht\";}','<p>Diese Demo Website zeigt die Fähigkeiten und Möglichkeiten des <a href=\"http://avisota.org\" target=\"_blank\">Avisota Newsletter und Mailing Systems</a> für das <a href=\"https://contao.org\" target=\"_blank\">Contao Open Source CMS</a>.</p>','',NULL,'','','','','','','','above',NULL,'',NULL,NULL,'','','','','',0,'ascending','','','','','',NULL,'','','','','','','',NULL,NULL,'',4,0,0,'','',NULL,'',NULL,'','',0,300,0,'',0,0,0,0,0,'',NULL,'','a:2:{i:0;s:0:\"\";i:1;s:0:\"\";}','a:2:{i:0;s:0:\"\";i:1;s:0:\"\";}','','','','',0,'','','','','',NULL,'',''),
	(2,1,'tl_article',6400,1403702586,'text','a:2:{s:4:\"unit\";s:2:\"h2\";s:5:\"value\";s:10:\"Abonnenten\";}','<p>Unter <a href=\"{{link_url::3}}\">Abonnenten</a>[nbsp]wird die Möglichkeiten zur Integrierten oder externen Abonnentenverwaltung demonstriert.</p>','',NULL,'','','','','','','','above',NULL,'',NULL,NULL,'','','','','',0,'ascending','','','','','',NULL,'','','','','','','',NULL,NULL,'',4,0,0,'','',NULL,'',NULL,'','',0,300,0,'',0,0,0,0,0,'',NULL,'','a:2:{i:0;s:0:\"\";i:1;s:5:\"panel\";}','a:2:{i:0;s:0:\"\";i:1;s:0:\"\";}','','','','',0,'','','','','',NULL,'',''),
	(3,1,'tl_article',6528,1403702586,'text','a:2:{s:4:\"unit\";s:2:\"h2\";s:5:\"value\";s:19:\"Website Integration\";}','<p>Unter <a href=\"{{link_url::5}}\">Website Integration</a>[nbsp]werden die Möglichkeiten zur Auflistung und Anzeige von Mailings innerhalb der Website demonstriert.</p>','',NULL,'','','','','','','','above',NULL,'',NULL,NULL,'','','','','',0,'ascending','','','','','',NULL,'','','','','','','',NULL,NULL,'',4,0,0,'','',NULL,'',NULL,'','',0,300,0,'',0,0,0,0,0,'',NULL,'','a:2:{i:0;s:0:\"\";i:1;s:5:\"panel\";}','a:2:{i:0;s:0:\"\";i:1;s:0:\"\";}','','','','',0,'','','','','',NULL,'',''),
	(5,1,'tl_article',6784,1403702877,'text','a:2:{s:4:\"unit\";s:2:\"h2\";s:5:\"value\";s:8:\"Tracking\";}','<p>Unter <a href=\"{{link_url::4}}\">Tracking</a>[nbsp]werden die Möglichkeiten zur Nachverfolgung von Lesern und deren Leseverhalten demonstriert.</p>','',NULL,'','','','','','','','above',NULL,'',NULL,NULL,'','','','','',0,'ascending','','','','','',NULL,'','','','','','','',NULL,NULL,'',4,0,0,'','',NULL,'',NULL,'','',0,300,0,'',0,0,0,0,0,'',NULL,'','a:2:{i:0;s:0:\"\";i:1;s:5:\"panel\";}','a:2:{i:0;s:0:\"\";i:1;s:0:\"\";}','','','','',0,'','','','','',NULL,'',''),
	(14,1,'tl_article',6144,1406205704,'text','a:2:{s:4:\"unit\";s:2:\"h1\";s:5:\"value\";s:0:\"\";}','<p>Lorem ipsum dolor sit amet, consectetur adipiscing elit. Donec accumsan felis sed risus rutrum mollis. Aenean a aliquet dui. Donec faucibus placerat lectus, id lobortis mi auctor vitae. Etiam ac lorem nulla. In consequat lobortis justo ut dapibus. Cras consectetur arcu sit amet elit tristique suscipit. Mauris feugiat arcu quis metus semper feugiat. Class aptent taciti sociosqu ad litora torquent per conubia nostra, per inceptos himenaeos.</p>','',NULL,'','','','','','','','above',NULL,'',NULL,NULL,'','','','','',0,'ascending','','','','','',NULL,'','','','','','','',NULL,NULL,'',4,0,0,'','',NULL,'',NULL,'','',0,300,0,'',0,0,0,0,0,'',NULL,'','a:2:{i:0;s:0:\"\";i:1;s:7:\"warning\";}','a:2:{i:0;s:0:\"\";i:1;s:0:\"\";}','1','','','',0,'','','','','',NULL,'',''),
	(10,1,'tl_article',6656,1403702865,'text','a:2:{s:4:\"unit\";s:2:\"h2\";s:5:\"value\";s:6:\"Themes\";}','<p>Unter <a href=\"{{link_url::10}}\">Themes</a>[nbsp]werden die Gestaltungsmöglichkeiten demonstriert.</p>','',NULL,'','','','','','','','above',NULL,'',NULL,NULL,'','','','','',0,'ascending','','','','','',NULL,'','','','','','','',NULL,NULL,'',4,0,0,'','',NULL,'',NULL,'','',0,300,0,'',0,0,0,0,0,'',NULL,'','a:2:{i:0;s:0:\"\";i:1;s:5:\"panel\";}','a:2:{i:0;s:0:\"\";i:1;s:0:\"\";}','','','','',0,'','','','','',NULL,'',''),
	(13,1,'tl_article',6016,1406205704,'text','a:2:{s:4:\"unit\";s:2:\"h1\";s:5:\"value\";s:0:\"\";}','<p>Lorem ipsum dolor sit amet, consectetur adipiscing elit. Donec accumsan felis sed risus rutrum mollis. Aenean a aliquet dui. Donec faucibus placerat lectus, id lobortis mi auctor vitae. Etiam ac lorem nulla. In consequat lobortis justo ut dapibus. Cras consectetur arcu sit amet elit tristique suscipit. Mauris feugiat arcu quis metus semper feugiat. Class aptent taciti sociosqu ad litora torquent per conubia nostra, per inceptos himenaeos.</p>','',NULL,'','','','','','','','above',NULL,'',NULL,NULL,'','','','','',0,'ascending','','','','','',NULL,'','','','','','','',NULL,NULL,'',4,0,0,'','',NULL,'',NULL,'','',0,300,0,'',0,0,0,0,0,'',NULL,'','a:2:{i:0;s:0:\"\";i:1;s:4:\"info\";}','a:2:{i:0;s:0:\"\";i:1;s:0:\"\";}','1','','','',0,'','','','','',NULL,'',''),
	(15,1,'tl_article',6272,1406205705,'text','a:2:{s:4:\"unit\";s:2:\"h1\";s:5:\"value\";s:0:\"\";}','<p>Lorem ipsum dolor sit amet, consectetur adipiscing elit. Donec accumsan felis sed risus rutrum mollis. Aenean a aliquet dui. Donec faucibus placerat lectus, id lobortis mi auctor vitae. Etiam ac lorem nulla. In consequat lobortis justo ut dapibus. Cras consectetur arcu sit amet elit tristique suscipit. Mauris feugiat arcu quis metus semper feugiat. Class aptent taciti sociosqu ad litora torquent per conubia nostra, per inceptos himenaeos.</p>','',NULL,'','','','','','','','above',NULL,'',NULL,NULL,'','','','','',0,'ascending','','','','','',NULL,'','','','','','','',NULL,NULL,'',4,0,0,'','',NULL,'',NULL,'','',0,300,0,'',0,0,0,0,0,'',NULL,'','a:2:{i:0;s:0:\"\";i:1;s:6:\"danger\";}','a:2:{i:0;s:0:\"\";i:1;s:0:\"\";}','1','','','',0,'','','','','',NULL,'',''),
	(16,5,'tl_article',128,1404365423,'module','',NULL,'',NULL,'','','','','','','','above',NULL,'',NULL,NULL,'','','','','',0,'ascending','','','','','',NULL,'','','','','','','',NULL,NULL,'',4,0,0,'','',NULL,'',NULL,'','',0,300,0,'',0,0,0,0,4,'',NULL,'','a:2:{i:0;s:0:\"\";i:1;s:0:\"\";}','a:2:{i:0;s:0:\"\";i:1;s:0:\"\";}','','','','',0,'','','','','',NULL,'',''),
	(17,6,'tl_article',128,1404365433,'module','',NULL,'',NULL,'','','','','','','','above',NULL,'',NULL,NULL,'','','','','',0,'ascending','','','','','',NULL,'','','','','','','',NULL,NULL,'',4,0,0,'','',NULL,'',NULL,'','',0,300,0,'',0,0,0,0,5,'',NULL,'','a:2:{i:0;s:0:\"\";i:1;s:0:\"\";}','a:2:{i:0;s:0:\"\";i:1;s:0:\"\";}','','','','',0,'','','','','',NULL,'',''),
	(19,10,'tl_article',128,1404376156,'text','a:2:{s:4:\"unit\";s:2:\"h2\";s:5:\"value\";s:21:\"Newsletter Abonnement\";}','<p>Vielen Dank für dein Interesse.</p>\n<p>In wenigen Minuten erhälst du eine E-Mail mit einem Aktivierungslink um dein Abonnement abzuschließen.</p>','',NULL,'','','','','','','','above',NULL,'',NULL,NULL,'','','','','',0,'ascending','','','','','',NULL,'','','','','','','',NULL,NULL,'',4,0,0,'','',NULL,'',NULL,'','',0,300,0,'',0,0,0,0,0,'',NULL,'','a:2:{i:0;s:0:\"\";i:1;s:0:\"\";}','a:2:{i:0;s:0:\"\";i:1;s:0:\"\";}','','','','',0,'','','','','',NULL,'',''),
	(20,11,'tl_article',128,1404375395,'module','',NULL,'',NULL,'','','','','','','','above',NULL,'',NULL,NULL,'','','','','',0,'ascending','','','','','',NULL,'','','','','','','',NULL,NULL,'',4,0,0,'','',NULL,'',NULL,'','',0,300,0,'',0,0,0,0,6,'',NULL,'','a:2:{i:0;s:0:\"\";i:1;s:0:\"\";}','a:2:{i:0;s:0:\"\";i:1;s:0:\"\";}','','','','',0,'','','','','',NULL,'',''),
	(21,13,'tl_article',128,1404376089,'text','a:2:{s:4:\"unit\";s:2:\"h2\";s:5:\"value\";s:26:\"Aktivierung fehlgeschlagen\";}','<p>Die Aktivierung konnte nicht durchgeführt werden, möglicherweise ist die Anfrage abgelaufen, bevor sie aktiviert wurde.</p>\n<p>Bitte[nbsp]beantrage ein neues Abonnement.</p>','',NULL,'','','','','','','','above',NULL,'',NULL,NULL,'','','','','',0,'ascending','','','','','',NULL,'','','','','','','',NULL,NULL,'',4,0,0,'','',NULL,'',NULL,'','',0,300,0,'',0,0,0,0,0,'',NULL,'','a:2:{i:0;s:0:\"\";i:1;s:0:\"\";}','a:2:{i:0;s:0:\"\";i:1;s:0:\"\";}','','','','',0,'','','','','',NULL,'',''),
	(22,12,'tl_article',128,1404376132,'text','a:2:{s:4:\"unit\";s:2:\"h2\";s:5:\"value\";s:21:\"Abonnement bestätigt\";}','<p>Vielen Dank dass du dein Abonnement bestätigt hast.</p>\n<p>Wir freuen uns dich als Abonnement begrüßen zu dürfen.</p>','',NULL,'','','','','','','','above',NULL,'',NULL,NULL,'','','','','',0,'ascending','','','','','',NULL,'','','','','','','',NULL,NULL,'',4,0,0,'','',NULL,'',NULL,'','',0,300,0,'',0,0,0,0,0,'',NULL,'','a:2:{i:0;s:0:\"\";i:1;s:0:\"\";}','a:2:{i:0;s:0:\"\";i:1;s:0:\"\";}','','','','',0,'','','','','',NULL,'',''),
	(23,5,'tl_article',64,1404376391,'headline','a:2:{s:4:\"unit\";s:2:\"h2\";s:5:\"value\";s:21:\"Newsletter abonnieren\";}',NULL,'',NULL,'','','','','','','','above',NULL,'',NULL,NULL,'','','','','',0,'ascending','','','','','',NULL,'','','','','','','',NULL,NULL,'',4,0,0,'','',NULL,'',NULL,'','',0,300,0,'',0,0,0,0,0,'',NULL,'','a:2:{i:0;s:0:\"\";i:1;s:0:\"\";}','a:2:{i:0;s:0:\"\";i:1;s:0:\"\";}','','','','',0,'','','','','',NULL,'',''),
	(24,6,'tl_article',64,1404380269,'headline','a:2:{s:4:\"unit\";s:2:\"h2\";s:5:\"value\";s:19:\"Newsletter abmelden\";}',NULL,'',NULL,'','','','','','','','above',NULL,'',NULL,NULL,'','','','','',0,'ascending','','','','','',NULL,'','','','','','','',NULL,NULL,'',4,0,0,'','',NULL,'',NULL,'','',0,300,0,'',0,0,0,0,0,'',NULL,'','a:2:{i:0;s:0:\"\";i:1;s:0:\"\";}','a:2:{i:0;s:0:\"\";i:1;s:0:\"\";}','','','','',0,'','','','','',NULL,'',''),
	(25,14,'tl_article',128,1404380390,'text','a:2:{s:4:\"unit\";s:2:\"h2\";s:5:\"value\";s:21:\"Newsletter Abonnement\";}','<p>Du wurdest erfolgreich von unserem Newsletter abgemeldet.</p>','',NULL,'','','','','','','','above',NULL,'',NULL,NULL,'','','','','',0,'ascending','','','','','',NULL,'','','','','','','',NULL,NULL,'',4,0,0,'','',NULL,'',NULL,'','',0,300,0,'',0,0,0,0,0,'',NULL,'','a:2:{i:0;s:0:\"\";i:1;s:0:\"\";}','a:2:{i:0;s:0:\"\";i:1;s:0:\"\";}','','','','',0,'','','','','',NULL,'',''),
	(26,4,'tl_article',128,1404410530,'module','',NULL,'',NULL,'','','','','','','','above',NULL,'',NULL,NULL,'','','','','',0,'ascending','','','','','',NULL,'','','','','','','',NULL,NULL,'',4,0,0,'','',NULL,'',NULL,'','',0,300,0,'',0,0,0,0,7,'',NULL,'','a:2:{i:0;s:0:\"\";i:1;s:0:\"\";}','a:2:{i:0;s:0:\"\";i:1;s:0:\"\";}','','','','',0,'','','','','',NULL,'',''),
	(27,15,'tl_article',128,1404410546,'module','',NULL,'',NULL,'','','','','','','','above',NULL,'',NULL,NULL,'','','','','',0,'ascending','','','','','',NULL,'','','','','','','',NULL,NULL,'',4,0,0,'','',NULL,'',NULL,'','',0,300,0,'',0,0,0,0,8,'',NULL,'','a:2:{i:0;s:0:\"\";i:1;s:0:\"\";}','a:2:{i:0;s:0:\"\";i:1;s:0:\"\";}','','','','',0,'','','','','',NULL,'',''),
	(28,17,'tl_article',128,1410847192,'module','',NULL,'',NULL,'','','','','','','','above',NULL,'',NULL,NULL,'','','','','',0,'ascending','','','','','',NULL,'','','','','','','',NULL,NULL,'',4,0,0,'','',NULL,'',NULL,'','',0,300,0,'',0,0,0,0,9,'',NULL,'','a:2:{i:0;s:0:\"\";i:1;s:0:\"\";}','a:2:{i:0;s:0:\"\";i:1;s:0:\"\";}','','','','',0,'','','','','',NULL,'',''),
	(29,18,'tl_article',128,1410847876,'module','',NULL,'',NULL,'','','','','','','','above',NULL,'',NULL,NULL,'','','','','',0,'ascending','','','','','',NULL,'','','','','','','',NULL,NULL,'',4,0,0,'','',NULL,'',NULL,'','',0,300,0,'',0,0,0,0,13,'',NULL,'','a:2:{i:0;s:0:\"\";i:1;s:0:\"\";}','a:2:{i:0;s:0:\"\";i:1;s:0:\"\";}','','','','',0,'','','','','',NULL,'',''),
	(30,19,'tl_article',128,1410847897,'module','',NULL,'',NULL,'','','','','','','','above',NULL,'',NULL,NULL,'','','','','',0,'ascending','','','','','',NULL,'','','','','','','',NULL,NULL,'',4,0,0,'','',NULL,'',NULL,'','',0,300,0,'',0,0,0,0,12,'',NULL,'','a:2:{i:0;s:0:\"\";i:1;s:0:\"\";}','a:2:{i:0;s:0:\"\";i:1;s:0:\"\";}','','','','',0,'','','','','',NULL,'',''),
	(31,1,'tl_article',5632,1411115817,'text','a:2:{s:4:\"unit\";s:2:\"h1\";s:5:\"value\";s:0:\"\";}','<p>Lorem ipsum dolor sit amet, consectetur adipiscing elit. Donec accumsan felis sed risus rutrum mollis. Aenean a aliquet dui. Donec faucibus placerat lectus, id lobortis mi auctor vitae. Etiam ac lorem nulla. In consequat lobortis justo ut dapibus. Cras consectetur arcu sit amet elit tristique suscipit. Mauris feugiat arcu quis metus semper feugiat. Class aptent taciti sociosqu ad litora torquent per conubia nostra, per inceptos himenaeos.</p>','',NULL,'','','','','','','','above',NULL,'',NULL,NULL,'','','','','',0,'ascending','','','','','',NULL,'','','','','','','',NULL,NULL,'',4,0,0,'','',NULL,'',NULL,'','',0,300,0,'',0,0,0,0,0,'',NULL,'','a:2:{i:0;s:0:\"\";i:1;s:4:\"info\";}','a:2:{i:0;s:0:\"\";i:1;s:0:\"\";}','1','','','',0,'','','','','',NULL,'',''),
	(32,1,'tl_article',5760,1411115817,'text','a:2:{s:4:\"unit\";s:2:\"h1\";s:5:\"value\";s:0:\"\";}','<p>Lorem ipsum dolor sit amet, consectetur adipiscing elit. Donec accumsan felis sed risus rutrum mollis. Aenean a aliquet dui. Donec faucibus placerat lectus, id lobortis mi auctor vitae. Etiam ac lorem nulla. In consequat lobortis justo ut dapibus. Cras consectetur arcu sit amet elit tristique suscipit. Mauris feugiat arcu quis metus semper feugiat. Class aptent taciti sociosqu ad litora torquent per conubia nostra, per inceptos himenaeos.</p>','',NULL,'','','','','','','','above',NULL,'',NULL,NULL,'','','','','',0,'ascending','','','','','',NULL,'','','','','','','',NULL,NULL,'',4,0,0,'','',NULL,'',NULL,'','',0,300,0,'',0,0,0,0,0,'',NULL,'','a:2:{i:0;s:0:\"\";i:1;s:7:\"warning\";}','a:2:{i:0;s:0:\"\";i:1;s:0:\"\";}','1','','','',0,'','','','','',NULL,'',''),
	(33,1,'tl_article',5888,1411115817,'text','a:2:{s:4:\"unit\";s:2:\"h1\";s:5:\"value\";s:0:\"\";}','<p>Lorem ipsum dolor sit amet, consectetur adipiscing elit. Donec accumsan felis sed risus rutrum mollis. Aenean a aliquet dui. Donec faucibus placerat lectus, id lobortis mi auctor vitae. Etiam ac lorem nulla. In consequat lobortis justo ut dapibus. Cras consectetur arcu sit amet elit tristique suscipit. Mauris feugiat arcu quis metus semper feugiat. Class aptent taciti sociosqu ad litora torquent per conubia nostra, per inceptos himenaeos.</p>','',NULL,'','','','','','','','above',NULL,'',NULL,NULL,'','','','','',0,'ascending','','','','','',NULL,'','','','','','','',NULL,NULL,'',4,0,0,'','',NULL,'',NULL,'','',0,300,0,'',0,0,0,0,0,'',NULL,'','a:2:{i:0;s:0:\"\";i:1;s:6:\"danger\";}','a:2:{i:0;s:0:\"\";i:1;s:0:\"\";}','1','','','',0,'','','','','',NULL,'',''),
	(34,1,'tl_article',4864,1411115828,'text','a:2:{s:4:\"unit\";s:2:\"h1\";s:5:\"value\";s:0:\"\";}','<p>Lorem ipsum dolor sit amet, consectetur adipiscing elit. Donec accumsan felis sed risus rutrum mollis. Aenean a aliquet dui. Donec faucibus placerat lectus, id lobortis mi auctor vitae. Etiam ac lorem nulla. In consequat lobortis justo ut dapibus. Cras consectetur arcu sit amet elit tristique suscipit. Mauris feugiat arcu quis metus semper feugiat. Class aptent taciti sociosqu ad litora torquent per conubia nostra, per inceptos himenaeos.</p>','',NULL,'','','','','','','','above',NULL,'',NULL,NULL,'','','','','',0,'ascending','','','','','',NULL,'','','','','','','',NULL,NULL,'',4,0,0,'','',NULL,'',NULL,'','',0,300,0,'',0,0,0,0,0,'',NULL,'','a:2:{i:0;s:0:\"\";i:1;s:4:\"info\";}','a:2:{i:0;s:0:\"\";i:1;s:0:\"\";}','1','','','',0,'','','','','',NULL,'',''),
	(35,1,'tl_article',4992,1411115828,'text','a:2:{s:4:\"unit\";s:2:\"h1\";s:5:\"value\";s:0:\"\";}','<p>Lorem ipsum dolor sit amet, consectetur adipiscing elit. Donec accumsan felis sed risus rutrum mollis. Aenean a aliquet dui. Donec faucibus placerat lectus, id lobortis mi auctor vitae. Etiam ac lorem nulla. In consequat lobortis justo ut dapibus. Cras consectetur arcu sit amet elit tristique suscipit. Mauris feugiat arcu quis metus semper feugiat. Class aptent taciti sociosqu ad litora torquent per conubia nostra, per inceptos himenaeos.</p>','',NULL,'','','','','','','','above',NULL,'',NULL,NULL,'','','','','',0,'ascending','','','','','',NULL,'','','','','','','',NULL,NULL,'',4,0,0,'','',NULL,'',NULL,'','',0,300,0,'',0,0,0,0,0,'',NULL,'','a:2:{i:0;s:0:\"\";i:1;s:7:\"warning\";}','a:2:{i:0;s:0:\"\";i:1;s:0:\"\";}','1','','','',0,'','','','','',NULL,'',''),
	(36,1,'tl_article',5120,1411115828,'text','a:2:{s:4:\"unit\";s:2:\"h1\";s:5:\"value\";s:0:\"\";}','<p>Lorem ipsum dolor sit amet, consectetur adipiscing elit. Donec accumsan felis sed risus rutrum mollis. Aenean a aliquet dui. Donec faucibus placerat lectus, id lobortis mi auctor vitae. Etiam ac lorem nulla. In consequat lobortis justo ut dapibus. Cras consectetur arcu sit amet elit tristique suscipit. Mauris feugiat arcu quis metus semper feugiat. Class aptent taciti sociosqu ad litora torquent per conubia nostra, per inceptos himenaeos.</p>','',NULL,'','','','','','','','above',NULL,'',NULL,NULL,'','','','','',0,'ascending','','','','','',NULL,'','','','','','','',NULL,NULL,'',4,0,0,'','',NULL,'',NULL,'','',0,300,0,'',0,0,0,0,0,'',NULL,'','a:2:{i:0;s:0:\"\";i:1;s:6:\"danger\";}','a:2:{i:0;s:0:\"\";i:1;s:0:\"\";}','1','','','',0,'','','','','',NULL,'',''),
	(37,1,'tl_article',5248,1411115828,'text','a:2:{s:4:\"unit\";s:2:\"h1\";s:5:\"value\";s:0:\"\";}','<p>Lorem ipsum dolor sit amet, consectetur adipiscing elit. Donec accumsan felis sed risus rutrum mollis. Aenean a aliquet dui. Donec faucibus placerat lectus, id lobortis mi auctor vitae. Etiam ac lorem nulla. In consequat lobortis justo ut dapibus. Cras consectetur arcu sit amet elit tristique suscipit. Mauris feugiat arcu quis metus semper feugiat. Class aptent taciti sociosqu ad litora torquent per conubia nostra, per inceptos himenaeos.</p>','',NULL,'','','','','','','','above',NULL,'',NULL,NULL,'','','','','',0,'ascending','','','','','',NULL,'','','','','','','',NULL,NULL,'',4,0,0,'','',NULL,'',NULL,'','',0,300,0,'',0,0,0,0,0,'',NULL,'','a:2:{i:0;s:0:\"\";i:1;s:4:\"info\";}','a:2:{i:0;s:0:\"\";i:1;s:0:\"\";}','1','','','',0,'','','','','',NULL,'',''),
	(38,1,'tl_article',5376,1411115828,'text','a:2:{s:4:\"unit\";s:2:\"h1\";s:5:\"value\";s:0:\"\";}','<p>Lorem ipsum dolor sit amet, consectetur adipiscing elit. Donec accumsan felis sed risus rutrum mollis. Aenean a aliquet dui. Donec faucibus placerat lectus, id lobortis mi auctor vitae. Etiam ac lorem nulla. In consequat lobortis justo ut dapibus. Cras consectetur arcu sit amet elit tristique suscipit. Mauris feugiat arcu quis metus semper feugiat. Class aptent taciti sociosqu ad litora torquent per conubia nostra, per inceptos himenaeos.</p>','',NULL,'','','','','','','','above',NULL,'',NULL,NULL,'','','','','',0,'ascending','','','','','',NULL,'','','','','','','',NULL,NULL,'',4,0,0,'','',NULL,'',NULL,'','',0,300,0,'',0,0,0,0,0,'',NULL,'','a:2:{i:0;s:0:\"\";i:1;s:7:\"warning\";}','a:2:{i:0;s:0:\"\";i:1;s:0:\"\";}','1','','','',0,'','','','','',NULL,'',''),
	(39,1,'tl_article',5504,1411115828,'text','a:2:{s:4:\"unit\";s:2:\"h1\";s:5:\"value\";s:0:\"\";}','<p>Lorem ipsum dolor sit amet, consectetur adipiscing elit. Donec accumsan felis sed risus rutrum mollis. Aenean a aliquet dui. Donec faucibus placerat lectus, id lobortis mi auctor vitae. Etiam ac lorem nulla. In consequat lobortis justo ut dapibus. Cras consectetur arcu sit amet elit tristique suscipit. Mauris feugiat arcu quis metus semper feugiat. Class aptent taciti sociosqu ad litora torquent per conubia nostra, per inceptos himenaeos.</p>','',NULL,'','','','','','','','above',NULL,'',NULL,NULL,'','','','','',0,'ascending','','','','','',NULL,'','','','','','','',NULL,NULL,'',4,0,0,'','',NULL,'',NULL,'','',0,300,0,'',0,0,0,0,0,'',NULL,'','a:2:{i:0;s:0:\"\";i:1;s:6:\"danger\";}','a:2:{i:0;s:0:\"\";i:1;s:0:\"\";}','1','','','',0,'','','','','',NULL,'',''),
	(40,1,'tl_article',3328,1411115847,'text','a:2:{s:4:\"unit\";s:2:\"h1\";s:5:\"value\";s:0:\"\";}','<p>Lorem ipsum dolor sit amet, consectetur adipiscing elit. Donec accumsan felis sed risus rutrum mollis. Aenean a aliquet dui. Donec faucibus placerat lectus, id lobortis mi auctor vitae. Etiam ac lorem nulla. In consequat lobortis justo ut dapibus. Cras consectetur arcu sit amet elit tristique suscipit. Mauris feugiat arcu quis metus semper feugiat. Class aptent taciti sociosqu ad litora torquent per conubia nostra, per inceptos himenaeos.</p>','',NULL,'','','','','','','','above',NULL,'',NULL,NULL,'','','','','',0,'ascending','','','','','',NULL,'','','','','','','',NULL,NULL,'',4,0,0,'','',NULL,'',NULL,'','',0,300,0,'',0,0,0,0,0,'',NULL,'','a:2:{i:0;s:0:\"\";i:1;s:4:\"info\";}','a:2:{i:0;s:0:\"\";i:1;s:0:\"\";}','1','','','',0,'','','','','',NULL,'',''),
	(41,1,'tl_article',3456,1411115847,'text','a:2:{s:4:\"unit\";s:2:\"h1\";s:5:\"value\";s:0:\"\";}','<p>Lorem ipsum dolor sit amet, consectetur adipiscing elit. Donec accumsan felis sed risus rutrum mollis. Aenean a aliquet dui. Donec faucibus placerat lectus, id lobortis mi auctor vitae. Etiam ac lorem nulla. In consequat lobortis justo ut dapibus. Cras consectetur arcu sit amet elit tristique suscipit. Mauris feugiat arcu quis metus semper feugiat. Class aptent taciti sociosqu ad litora torquent per conubia nostra, per inceptos himenaeos.</p>','',NULL,'','','','','','','','above',NULL,'',NULL,NULL,'','','','','',0,'ascending','','','','','',NULL,'','','','','','','',NULL,NULL,'',4,0,0,'','',NULL,'',NULL,'','',0,300,0,'',0,0,0,0,0,'',NULL,'','a:2:{i:0;s:0:\"\";i:1;s:7:\"warning\";}','a:2:{i:0;s:0:\"\";i:1;s:0:\"\";}','1','','','',0,'','','','','',NULL,'',''),
	(42,1,'tl_article',3584,1411115847,'text','a:2:{s:4:\"unit\";s:2:\"h1\";s:5:\"value\";s:0:\"\";}','<p>Lorem ipsum dolor sit amet, consectetur adipiscing elit. Donec accumsan felis sed risus rutrum mollis. Aenean a aliquet dui. Donec faucibus placerat lectus, id lobortis mi auctor vitae. Etiam ac lorem nulla. In consequat lobortis justo ut dapibus. Cras consectetur arcu sit amet elit tristique suscipit. Mauris feugiat arcu quis metus semper feugiat. Class aptent taciti sociosqu ad litora torquent per conubia nostra, per inceptos himenaeos.</p>','',NULL,'','','','','','','','above',NULL,'',NULL,NULL,'','','','','',0,'ascending','','','','','',NULL,'','','','','','','',NULL,NULL,'',4,0,0,'','',NULL,'',NULL,'','',0,300,0,'',0,0,0,0,0,'',NULL,'','a:2:{i:0;s:0:\"\";i:1;s:6:\"danger\";}','a:2:{i:0;s:0:\"\";i:1;s:0:\"\";}','1','','','',0,'','','','','',NULL,'',''),
	(43,1,'tl_article',3712,1411115847,'text','a:2:{s:4:\"unit\";s:2:\"h1\";s:5:\"value\";s:0:\"\";}','<p>Lorem ipsum dolor sit amet, consectetur adipiscing elit. Donec accumsan felis sed risus rutrum mollis. Aenean a aliquet dui. Donec faucibus placerat lectus, id lobortis mi auctor vitae. Etiam ac lorem nulla. In consequat lobortis justo ut dapibus. Cras consectetur arcu sit amet elit tristique suscipit. Mauris feugiat arcu quis metus semper feugiat. Class aptent taciti sociosqu ad litora torquent per conubia nostra, per inceptos himenaeos.</p>','',NULL,'','','','','','','','above',NULL,'',NULL,NULL,'','','','','',0,'ascending','','','','','',NULL,'','','','','','','',NULL,NULL,'',4,0,0,'','',NULL,'',NULL,'','',0,300,0,'',0,0,0,0,0,'',NULL,'','a:2:{i:0;s:0:\"\";i:1;s:4:\"info\";}','a:2:{i:0;s:0:\"\";i:1;s:0:\"\";}','1','','','',0,'','','','','',NULL,'',''),
	(44,1,'tl_article',3840,1411115847,'text','a:2:{s:4:\"unit\";s:2:\"h1\";s:5:\"value\";s:0:\"\";}','<p>Lorem ipsum dolor sit amet, consectetur adipiscing elit. Donec accumsan felis sed risus rutrum mollis. Aenean a aliquet dui. Donec faucibus placerat lectus, id lobortis mi auctor vitae. Etiam ac lorem nulla. In consequat lobortis justo ut dapibus. Cras consectetur arcu sit amet elit tristique suscipit. Mauris feugiat arcu quis metus semper feugiat. Class aptent taciti sociosqu ad litora torquent per conubia nostra, per inceptos himenaeos.</p>','',NULL,'','','','','','','','above',NULL,'',NULL,NULL,'','','','','',0,'ascending','','','','','',NULL,'','','','','','','',NULL,NULL,'',4,0,0,'','',NULL,'',NULL,'','',0,300,0,'',0,0,0,0,0,'',NULL,'','a:2:{i:0;s:0:\"\";i:1;s:7:\"warning\";}','a:2:{i:0;s:0:\"\";i:1;s:0:\"\";}','1','','','',0,'','','','','',NULL,'',''),
	(45,1,'tl_article',3968,1411115847,'text','a:2:{s:4:\"unit\";s:2:\"h1\";s:5:\"value\";s:0:\"\";}','<p>Lorem ipsum dolor sit amet, consectetur adipiscing elit. Donec accumsan felis sed risus rutrum mollis. Aenean a aliquet dui. Donec faucibus placerat lectus, id lobortis mi auctor vitae. Etiam ac lorem nulla. In consequat lobortis justo ut dapibus. Cras consectetur arcu sit amet elit tristique suscipit. Mauris feugiat arcu quis metus semper feugiat. Class aptent taciti sociosqu ad litora torquent per conubia nostra, per inceptos himenaeos.</p>','',NULL,'','','','','','','','above',NULL,'',NULL,NULL,'','','','','',0,'ascending','','','','','',NULL,'','','','','','','',NULL,NULL,'',4,0,0,'','',NULL,'',NULL,'','',0,300,0,'',0,0,0,0,0,'',NULL,'','a:2:{i:0;s:0:\"\";i:1;s:6:\"danger\";}','a:2:{i:0;s:0:\"\";i:1;s:0:\"\";}','1','','','',0,'','','','','',NULL,'',''),
	(46,1,'tl_article',4096,1411115847,'text','a:2:{s:4:\"unit\";s:2:\"h1\";s:5:\"value\";s:0:\"\";}','<p>Lorem ipsum dolor sit amet, consectetur adipiscing elit. Donec accumsan felis sed risus rutrum mollis. Aenean a aliquet dui. Donec faucibus placerat lectus, id lobortis mi auctor vitae. Etiam ac lorem nulla. In consequat lobortis justo ut dapibus. Cras consectetur arcu sit amet elit tristique suscipit. Mauris feugiat arcu quis metus semper feugiat. Class aptent taciti sociosqu ad litora torquent per conubia nostra, per inceptos himenaeos.</p>','',NULL,'','','','','','','','above',NULL,'',NULL,NULL,'','','','','',0,'ascending','','','','','',NULL,'','','','','','','',NULL,NULL,'',4,0,0,'','',NULL,'',NULL,'','',0,300,0,'',0,0,0,0,0,'',NULL,'','a:2:{i:0;s:0:\"\";i:1;s:4:\"info\";}','a:2:{i:0;s:0:\"\";i:1;s:0:\"\";}','1','','','',0,'','','','','',NULL,'',''),
	(47,1,'tl_article',4224,1411115847,'text','a:2:{s:4:\"unit\";s:2:\"h1\";s:5:\"value\";s:0:\"\";}','<p>Lorem ipsum dolor sit amet, consectetur adipiscing elit. Donec accumsan felis sed risus rutrum mollis. Aenean a aliquet dui. Donec faucibus placerat lectus, id lobortis mi auctor vitae. Etiam ac lorem nulla. In consequat lobortis justo ut dapibus. Cras consectetur arcu sit amet elit tristique suscipit. Mauris feugiat arcu quis metus semper feugiat. Class aptent taciti sociosqu ad litora torquent per conubia nostra, per inceptos himenaeos.</p>','',NULL,'','','','','','','','above',NULL,'',NULL,NULL,'','','','','',0,'ascending','','','','','',NULL,'','','','','','','',NULL,NULL,'',4,0,0,'','',NULL,'',NULL,'','',0,300,0,'',0,0,0,0,0,'',NULL,'','a:2:{i:0;s:0:\"\";i:1;s:7:\"warning\";}','a:2:{i:0;s:0:\"\";i:1;s:0:\"\";}','1','','','',0,'','','','','',NULL,'',''),
	(48,1,'tl_article',4352,1411115847,'text','a:2:{s:4:\"unit\";s:2:\"h1\";s:5:\"value\";s:0:\"\";}','<p>Lorem ipsum dolor sit amet, consectetur adipiscing elit. Donec accumsan felis sed risus rutrum mollis. Aenean a aliquet dui. Donec faucibus placerat lectus, id lobortis mi auctor vitae. Etiam ac lorem nulla. In consequat lobortis justo ut dapibus. Cras consectetur arcu sit amet elit tristique suscipit. Mauris feugiat arcu quis metus semper feugiat. Class aptent taciti sociosqu ad litora torquent per conubia nostra, per inceptos himenaeos.</p>','',NULL,'','','','','','','','above',NULL,'',NULL,NULL,'','','','','',0,'ascending','','','','','',NULL,'','','','','','','',NULL,NULL,'',4,0,0,'','',NULL,'',NULL,'','',0,300,0,'',0,0,0,0,0,'',NULL,'','a:2:{i:0;s:0:\"\";i:1;s:6:\"danger\";}','a:2:{i:0;s:0:\"\";i:1;s:0:\"\";}','1','','','',0,'','','','','',NULL,'',''),
	(49,1,'tl_article',4480,1411115847,'text','a:2:{s:4:\"unit\";s:2:\"h1\";s:5:\"value\";s:0:\"\";}','<p>Lorem ipsum dolor sit amet, consectetur adipiscing elit. Donec accumsan felis sed risus rutrum mollis. Aenean a aliquet dui. Donec faucibus placerat lectus, id lobortis mi auctor vitae. Etiam ac lorem nulla. In consequat lobortis justo ut dapibus. Cras consectetur arcu sit amet elit tristique suscipit. Mauris feugiat arcu quis metus semper feugiat. Class aptent taciti sociosqu ad litora torquent per conubia nostra, per inceptos himenaeos.</p>','',NULL,'','','','','','','','above',NULL,'',NULL,NULL,'','','','','',0,'ascending','','','','','',NULL,'','','','','','','',NULL,NULL,'',4,0,0,'','',NULL,'',NULL,'','',0,300,0,'',0,0,0,0,0,'',NULL,'','a:2:{i:0;s:0:\"\";i:1;s:4:\"info\";}','a:2:{i:0;s:0:\"\";i:1;s:0:\"\";}','1','','','',0,'','','','','',NULL,'',''),
	(50,1,'tl_article',4608,1411115847,'text','a:2:{s:4:\"unit\";s:2:\"h1\";s:5:\"value\";s:0:\"\";}','<p>Lorem ipsum dolor sit amet, consectetur adipiscing elit. Donec accumsan felis sed risus rutrum mollis. Aenean a aliquet dui. Donec faucibus placerat lectus, id lobortis mi auctor vitae. Etiam ac lorem nulla. In consequat lobortis justo ut dapibus. Cras consectetur arcu sit amet elit tristique suscipit. Mauris feugiat arcu quis metus semper feugiat. Class aptent taciti sociosqu ad litora torquent per conubia nostra, per inceptos himenaeos.</p>','',NULL,'','','','','','','','above',NULL,'',NULL,NULL,'','','','','',0,'ascending','','','','','',NULL,'','','','','','','',NULL,NULL,'',4,0,0,'','',NULL,'',NULL,'','',0,300,0,'',0,0,0,0,0,'',NULL,'','a:2:{i:0;s:0:\"\";i:1;s:7:\"warning\";}','a:2:{i:0;s:0:\"\";i:1;s:0:\"\";}','1','','','',0,'','','','','',NULL,'',''),
	(51,1,'tl_article',4736,1411115847,'text','a:2:{s:4:\"unit\";s:2:\"h1\";s:5:\"value\";s:0:\"\";}','<p>Lorem ipsum dolor sit amet, consectetur adipiscing elit. Donec accumsan felis sed risus rutrum mollis. Aenean a aliquet dui. Donec faucibus placerat lectus, id lobortis mi auctor vitae. Etiam ac lorem nulla. In consequat lobortis justo ut dapibus. Cras consectetur arcu sit amet elit tristique suscipit. Mauris feugiat arcu quis metus semper feugiat. Class aptent taciti sociosqu ad litora torquent per conubia nostra, per inceptos himenaeos.</p>','',NULL,'','','','','','','','above',NULL,'',NULL,NULL,'','','','','',0,'ascending','','','','','',NULL,'','','','','','','',NULL,NULL,'',4,0,0,'','',NULL,'',NULL,'','',0,300,0,'',0,0,0,0,0,'',NULL,'','a:2:{i:0;s:0:\"\";i:1;s:6:\"danger\";}','a:2:{i:0;s:0:\"\";i:1;s:0:\"\";}','1','','','',0,'','','','','',NULL,'',''),
	(52,1,'tl_article',256,1411115877,'text','a:2:{s:4:\"unit\";s:2:\"h1\";s:5:\"value\";s:0:\"\";}','<p>Lorem ipsum dolor sit amet, consectetur adipiscing elit. Donec accumsan felis sed risus rutrum mollis. Aenean a aliquet dui. Donec faucibus placerat lectus, id lobortis mi auctor vitae. Etiam ac lorem nulla. In consequat lobortis justo ut dapibus. Cras consectetur arcu sit amet elit tristique suscipit. Mauris feugiat arcu quis metus semper feugiat. Class aptent taciti sociosqu ad litora torquent per conubia nostra, per inceptos himenaeos.</p>','',NULL,'','','','','','','','above',NULL,'',NULL,NULL,'','','','','',0,'ascending','','','','','',NULL,'','','','','','','',NULL,NULL,'',4,0,0,'','',NULL,'',NULL,'','',0,300,0,'',0,0,0,0,0,'',NULL,'','a:2:{i:0;s:0:\"\";i:1;s:4:\"info\";}','a:2:{i:0;s:0:\"\";i:1;s:0:\"\";}','1','','','',0,'','','','','',NULL,'',''),
	(53,1,'tl_article',384,1411115877,'text','a:2:{s:4:\"unit\";s:2:\"h1\";s:5:\"value\";s:0:\"\";}','<p>Lorem ipsum dolor sit amet, consectetur adipiscing elit. Donec accumsan felis sed risus rutrum mollis. Aenean a aliquet dui. Donec faucibus placerat lectus, id lobortis mi auctor vitae. Etiam ac lorem nulla. In consequat lobortis justo ut dapibus. Cras consectetur arcu sit amet elit tristique suscipit. Mauris feugiat arcu quis metus semper feugiat. Class aptent taciti sociosqu ad litora torquent per conubia nostra, per inceptos himenaeos.</p>','',NULL,'','','','','','','','above',NULL,'',NULL,NULL,'','','','','',0,'ascending','','','','','',NULL,'','','','','','','',NULL,NULL,'',4,0,0,'','',NULL,'',NULL,'','',0,300,0,'',0,0,0,0,0,'',NULL,'','a:2:{i:0;s:0:\"\";i:1;s:7:\"warning\";}','a:2:{i:0;s:0:\"\";i:1;s:0:\"\";}','1','','','',0,'','','','','',NULL,'',''),
	(54,1,'tl_article',512,1411115877,'text','a:2:{s:4:\"unit\";s:2:\"h1\";s:5:\"value\";s:0:\"\";}','<p>Lorem ipsum dolor sit amet, consectetur adipiscing elit. Donec accumsan felis sed risus rutrum mollis. Aenean a aliquet dui. Donec faucibus placerat lectus, id lobortis mi auctor vitae. Etiam ac lorem nulla. In consequat lobortis justo ut dapibus. Cras consectetur arcu sit amet elit tristique suscipit. Mauris feugiat arcu quis metus semper feugiat. Class aptent taciti sociosqu ad litora torquent per conubia nostra, per inceptos himenaeos.</p>','',NULL,'','','','','','','','above',NULL,'',NULL,NULL,'','','','','',0,'ascending','','','','','',NULL,'','','','','','','',NULL,NULL,'',4,0,0,'','',NULL,'',NULL,'','',0,300,0,'',0,0,0,0,0,'',NULL,'','a:2:{i:0;s:0:\"\";i:1;s:6:\"danger\";}','a:2:{i:0;s:0:\"\";i:1;s:0:\"\";}','1','','','',0,'','','','','',NULL,'',''),
	(55,1,'tl_article',640,1411115877,'text','a:2:{s:4:\"unit\";s:2:\"h1\";s:5:\"value\";s:0:\"\";}','<p>Lorem ipsum dolor sit amet, consectetur adipiscing elit. Donec accumsan felis sed risus rutrum mollis. Aenean a aliquet dui. Donec faucibus placerat lectus, id lobortis mi auctor vitae. Etiam ac lorem nulla. In consequat lobortis justo ut dapibus. Cras consectetur arcu sit amet elit tristique suscipit. Mauris feugiat arcu quis metus semper feugiat. Class aptent taciti sociosqu ad litora torquent per conubia nostra, per inceptos himenaeos.</p>','',NULL,'','','','','','','','above',NULL,'',NULL,NULL,'','','','','',0,'ascending','','','','','',NULL,'','','','','','','',NULL,NULL,'',4,0,0,'','',NULL,'',NULL,'','',0,300,0,'',0,0,0,0,0,'',NULL,'','a:2:{i:0;s:0:\"\";i:1;s:4:\"info\";}','a:2:{i:0;s:0:\"\";i:1;s:0:\"\";}','1','','','',0,'','','','','',NULL,'',''),
	(56,1,'tl_article',768,1411115877,'text','a:2:{s:4:\"unit\";s:2:\"h1\";s:5:\"value\";s:0:\"\";}','<p>Lorem ipsum dolor sit amet, consectetur adipiscing elit. Donec accumsan felis sed risus rutrum mollis. Aenean a aliquet dui. Donec faucibus placerat lectus, id lobortis mi auctor vitae. Etiam ac lorem nulla. In consequat lobortis justo ut dapibus. Cras consectetur arcu sit amet elit tristique suscipit. Mauris feugiat arcu quis metus semper feugiat. Class aptent taciti sociosqu ad litora torquent per conubia nostra, per inceptos himenaeos.</p>','',NULL,'','','','','','','','above',NULL,'',NULL,NULL,'','','','','',0,'ascending','','','','','',NULL,'','','','','','','',NULL,NULL,'',4,0,0,'','',NULL,'',NULL,'','',0,300,0,'',0,0,0,0,0,'',NULL,'','a:2:{i:0;s:0:\"\";i:1;s:7:\"warning\";}','a:2:{i:0;s:0:\"\";i:1;s:0:\"\";}','1','','','',0,'','','','','',NULL,'',''),
	(57,1,'tl_article',896,1411115877,'text','a:2:{s:4:\"unit\";s:2:\"h1\";s:5:\"value\";s:0:\"\";}','<p>Lorem ipsum dolor sit amet, consectetur adipiscing elit. Donec accumsan felis sed risus rutrum mollis. Aenean a aliquet dui. Donec faucibus placerat lectus, id lobortis mi auctor vitae. Etiam ac lorem nulla. In consequat lobortis justo ut dapibus. Cras consectetur arcu sit amet elit tristique suscipit. Mauris feugiat arcu quis metus semper feugiat. Class aptent taciti sociosqu ad litora torquent per conubia nostra, per inceptos himenaeos.</p>','',NULL,'','','','','','','','above',NULL,'',NULL,NULL,'','','','','',0,'ascending','','','','','',NULL,'','','','','','','',NULL,NULL,'',4,0,0,'','',NULL,'',NULL,'','',0,300,0,'',0,0,0,0,0,'',NULL,'','a:2:{i:0;s:0:\"\";i:1;s:6:\"danger\";}','a:2:{i:0;s:0:\"\";i:1;s:0:\"\";}','1','','','',0,'','','','','',NULL,'',''),
	(58,1,'tl_article',1024,1411115877,'text','a:2:{s:4:\"unit\";s:2:\"h1\";s:5:\"value\";s:0:\"\";}','<p>Lorem ipsum dolor sit amet, consectetur adipiscing elit. Donec accumsan felis sed risus rutrum mollis. Aenean a aliquet dui. Donec faucibus placerat lectus, id lobortis mi auctor vitae. Etiam ac lorem nulla. In consequat lobortis justo ut dapibus. Cras consectetur arcu sit amet elit tristique suscipit. Mauris feugiat arcu quis metus semper feugiat. Class aptent taciti sociosqu ad litora torquent per conubia nostra, per inceptos himenaeos.</p>','',NULL,'','','','','','','','above',NULL,'',NULL,NULL,'','','','','',0,'ascending','','','','','',NULL,'','','','','','','',NULL,NULL,'',4,0,0,'','',NULL,'',NULL,'','',0,300,0,'',0,0,0,0,0,'',NULL,'','a:2:{i:0;s:0:\"\";i:1;s:4:\"info\";}','a:2:{i:0;s:0:\"\";i:1;s:0:\"\";}','1','','','',0,'','','','','',NULL,'',''),
	(59,1,'tl_article',1152,1411115877,'text','a:2:{s:4:\"unit\";s:2:\"h1\";s:5:\"value\";s:0:\"\";}','<p>Lorem ipsum dolor sit amet, consectetur adipiscing elit. Donec accumsan felis sed risus rutrum mollis. Aenean a aliquet dui. Donec faucibus placerat lectus, id lobortis mi auctor vitae. Etiam ac lorem nulla. In consequat lobortis justo ut dapibus. Cras consectetur arcu sit amet elit tristique suscipit. Mauris feugiat arcu quis metus semper feugiat. Class aptent taciti sociosqu ad litora torquent per conubia nostra, per inceptos himenaeos.</p>','',NULL,'','','','','','','','above',NULL,'',NULL,NULL,'','','','','',0,'ascending','','','','','',NULL,'','','','','','','',NULL,NULL,'',4,0,0,'','',NULL,'',NULL,'','',0,300,0,'',0,0,0,0,0,'',NULL,'','a:2:{i:0;s:0:\"\";i:1;s:7:\"warning\";}','a:2:{i:0;s:0:\"\";i:1;s:0:\"\";}','1','','','',0,'','','','','',NULL,'',''),
	(60,1,'tl_article',1280,1411115877,'text','a:2:{s:4:\"unit\";s:2:\"h1\";s:5:\"value\";s:0:\"\";}','<p>Lorem ipsum dolor sit amet, consectetur adipiscing elit. Donec accumsan felis sed risus rutrum mollis. Aenean a aliquet dui. Donec faucibus placerat lectus, id lobortis mi auctor vitae. Etiam ac lorem nulla. In consequat lobortis justo ut dapibus. Cras consectetur arcu sit amet elit tristique suscipit. Mauris feugiat arcu quis metus semper feugiat. Class aptent taciti sociosqu ad litora torquent per conubia nostra, per inceptos himenaeos.</p>','',NULL,'','','','','','','','above',NULL,'',NULL,NULL,'','','','','',0,'ascending','','','','','',NULL,'','','','','','','',NULL,NULL,'',4,0,0,'','',NULL,'',NULL,'','',0,300,0,'',0,0,0,0,0,'',NULL,'','a:2:{i:0;s:0:\"\";i:1;s:6:\"danger\";}','a:2:{i:0;s:0:\"\";i:1;s:0:\"\";}','1','','','',0,'','','','','',NULL,'',''),
	(61,1,'tl_article',1408,1411115877,'text','a:2:{s:4:\"unit\";s:2:\"h1\";s:5:\"value\";s:0:\"\";}','<p>Lorem ipsum dolor sit amet, consectetur adipiscing elit. Donec accumsan felis sed risus rutrum mollis. Aenean a aliquet dui. Donec faucibus placerat lectus, id lobortis mi auctor vitae. Etiam ac lorem nulla. In consequat lobortis justo ut dapibus. Cras consectetur arcu sit amet elit tristique suscipit. Mauris feugiat arcu quis metus semper feugiat. Class aptent taciti sociosqu ad litora torquent per conubia nostra, per inceptos himenaeos.</p>','',NULL,'','','','','','','','above',NULL,'',NULL,NULL,'','','','','',0,'ascending','','','','','',NULL,'','','','','','','',NULL,NULL,'',4,0,0,'','',NULL,'',NULL,'','',0,300,0,'',0,0,0,0,0,'',NULL,'','a:2:{i:0;s:0:\"\";i:1;s:4:\"info\";}','a:2:{i:0;s:0:\"\";i:1;s:0:\"\";}','1','','','',0,'','','','','',NULL,'',''),
	(62,1,'tl_article',1536,1411115877,'text','a:2:{s:4:\"unit\";s:2:\"h1\";s:5:\"value\";s:0:\"\";}','<p>Lorem ipsum dolor sit amet, consectetur adipiscing elit. Donec accumsan felis sed risus rutrum mollis. Aenean a aliquet dui. Donec faucibus placerat lectus, id lobortis mi auctor vitae. Etiam ac lorem nulla. In consequat lobortis justo ut dapibus. Cras consectetur arcu sit amet elit tristique suscipit. Mauris feugiat arcu quis metus semper feugiat. Class aptent taciti sociosqu ad litora torquent per conubia nostra, per inceptos himenaeos.</p>','',NULL,'','','','','','','','above',NULL,'',NULL,NULL,'','','','','',0,'ascending','','','','','',NULL,'','','','','','','',NULL,NULL,'',4,0,0,'','',NULL,'',NULL,'','',0,300,0,'',0,0,0,0,0,'',NULL,'','a:2:{i:0;s:0:\"\";i:1;s:7:\"warning\";}','a:2:{i:0;s:0:\"\";i:1;s:0:\"\";}','1','','','',0,'','','','','',NULL,'',''),
	(63,1,'tl_article',1664,1411115877,'text','a:2:{s:4:\"unit\";s:2:\"h1\";s:5:\"value\";s:0:\"\";}','<p>Lorem ipsum dolor sit amet, consectetur adipiscing elit. Donec accumsan felis sed risus rutrum mollis. Aenean a aliquet dui. Donec faucibus placerat lectus, id lobortis mi auctor vitae. Etiam ac lorem nulla. In consequat lobortis justo ut dapibus. Cras consectetur arcu sit amet elit tristique suscipit. Mauris feugiat arcu quis metus semper feugiat. Class aptent taciti sociosqu ad litora torquent per conubia nostra, per inceptos himenaeos.</p>','',NULL,'','','','','','','','above',NULL,'',NULL,NULL,'','','','','',0,'ascending','','','','','',NULL,'','','','','','','',NULL,NULL,'',4,0,0,'','',NULL,'',NULL,'','',0,300,0,'',0,0,0,0,0,'',NULL,'','a:2:{i:0;s:0:\"\";i:1;s:6:\"danger\";}','a:2:{i:0;s:0:\"\";i:1;s:0:\"\";}','1','','','',0,'','','','','',NULL,'',''),
	(64,1,'tl_article',1792,1411115877,'text','a:2:{s:4:\"unit\";s:2:\"h1\";s:5:\"value\";s:0:\"\";}','<p>Lorem ipsum dolor sit amet, consectetur adipiscing elit. Donec accumsan felis sed risus rutrum mollis. Aenean a aliquet dui. Donec faucibus placerat lectus, id lobortis mi auctor vitae. Etiam ac lorem nulla. In consequat lobortis justo ut dapibus. Cras consectetur arcu sit amet elit tristique suscipit. Mauris feugiat arcu quis metus semper feugiat. Class aptent taciti sociosqu ad litora torquent per conubia nostra, per inceptos himenaeos.</p>','',NULL,'','','','','','','','above',NULL,'',NULL,NULL,'','','','','',0,'ascending','','','','','',NULL,'','','','','','','',NULL,NULL,'',4,0,0,'','',NULL,'',NULL,'','',0,300,0,'',0,0,0,0,0,'',NULL,'','a:2:{i:0;s:0:\"\";i:1;s:4:\"info\";}','a:2:{i:0;s:0:\"\";i:1;s:0:\"\";}','1','','','',0,'','','','','',NULL,'',''),
	(65,1,'tl_article',1920,1411115877,'text','a:2:{s:4:\"unit\";s:2:\"h1\";s:5:\"value\";s:0:\"\";}','<p>Lorem ipsum dolor sit amet, consectetur adipiscing elit. Donec accumsan felis sed risus rutrum mollis. Aenean a aliquet dui. Donec faucibus placerat lectus, id lobortis mi auctor vitae. Etiam ac lorem nulla. In consequat lobortis justo ut dapibus. Cras consectetur arcu sit amet elit tristique suscipit. Mauris feugiat arcu quis metus semper feugiat. Class aptent taciti sociosqu ad litora torquent per conubia nostra, per inceptos himenaeos.</p>','',NULL,'','','','','','','','above',NULL,'',NULL,NULL,'','','','','',0,'ascending','','','','','',NULL,'','','','','','','',NULL,NULL,'',4,0,0,'','',NULL,'',NULL,'','',0,300,0,'',0,0,0,0,0,'',NULL,'','a:2:{i:0;s:0:\"\";i:1;s:7:\"warning\";}','a:2:{i:0;s:0:\"\";i:1;s:0:\"\";}','1','','','',0,'','','','','',NULL,'',''),
	(66,1,'tl_article',2048,1411115877,'text','a:2:{s:4:\"unit\";s:2:\"h1\";s:5:\"value\";s:0:\"\";}','<p>Lorem ipsum dolor sit amet, consectetur adipiscing elit. Donec accumsan felis sed risus rutrum mollis. Aenean a aliquet dui. Donec faucibus placerat lectus, id lobortis mi auctor vitae. Etiam ac lorem nulla. In consequat lobortis justo ut dapibus. Cras consectetur arcu sit amet elit tristique suscipit. Mauris feugiat arcu quis metus semper feugiat. Class aptent taciti sociosqu ad litora torquent per conubia nostra, per inceptos himenaeos.</p>','',NULL,'','','','','','','','above',NULL,'',NULL,NULL,'','','','','',0,'ascending','','','','','',NULL,'','','','','','','',NULL,NULL,'',4,0,0,'','',NULL,'',NULL,'','',0,300,0,'',0,0,0,0,0,'',NULL,'','a:2:{i:0;s:0:\"\";i:1;s:6:\"danger\";}','a:2:{i:0;s:0:\"\";i:1;s:0:\"\";}','1','','','',0,'','','','','',NULL,'',''),
	(67,1,'tl_article',2176,1411115877,'text','a:2:{s:4:\"unit\";s:2:\"h1\";s:5:\"value\";s:0:\"\";}','<p>Lorem ipsum dolor sit amet, consectetur adipiscing elit. Donec accumsan felis sed risus rutrum mollis. Aenean a aliquet dui. Donec faucibus placerat lectus, id lobortis mi auctor vitae. Etiam ac lorem nulla. In consequat lobortis justo ut dapibus. Cras consectetur arcu sit amet elit tristique suscipit. Mauris feugiat arcu quis metus semper feugiat. Class aptent taciti sociosqu ad litora torquent per conubia nostra, per inceptos himenaeos.</p>','',NULL,'','','','','','','','above',NULL,'',NULL,NULL,'','','','','',0,'ascending','','','','','',NULL,'','','','','','','',NULL,NULL,'',4,0,0,'','',NULL,'',NULL,'','',0,300,0,'',0,0,0,0,0,'',NULL,'','a:2:{i:0;s:0:\"\";i:1;s:4:\"info\";}','a:2:{i:0;s:0:\"\";i:1;s:0:\"\";}','1','','','',0,'','','','','',NULL,'',''),
	(68,1,'tl_article',2304,1411115877,'text','a:2:{s:4:\"unit\";s:2:\"h1\";s:5:\"value\";s:0:\"\";}','<p>Lorem ipsum dolor sit amet, consectetur adipiscing elit. Donec accumsan felis sed risus rutrum mollis. Aenean a aliquet dui. Donec faucibus placerat lectus, id lobortis mi auctor vitae. Etiam ac lorem nulla. In consequat lobortis justo ut dapibus. Cras consectetur arcu sit amet elit tristique suscipit. Mauris feugiat arcu quis metus semper feugiat. Class aptent taciti sociosqu ad litora torquent per conubia nostra, per inceptos himenaeos.</p>','',NULL,'','','','','','','','above',NULL,'',NULL,NULL,'','','','','',0,'ascending','','','','','',NULL,'','','','','','','',NULL,NULL,'',4,0,0,'','',NULL,'',NULL,'','',0,300,0,'',0,0,0,0,0,'',NULL,'','a:2:{i:0;s:0:\"\";i:1;s:7:\"warning\";}','a:2:{i:0;s:0:\"\";i:1;s:0:\"\";}','1','','','',0,'','','','','',NULL,'',''),
	(69,1,'tl_article',2432,1411115877,'text','a:2:{s:4:\"unit\";s:2:\"h1\";s:5:\"value\";s:0:\"\";}','<p>Lorem ipsum dolor sit amet, consectetur adipiscing elit. Donec accumsan felis sed risus rutrum mollis. Aenean a aliquet dui. Donec faucibus placerat lectus, id lobortis mi auctor vitae. Etiam ac lorem nulla. In consequat lobortis justo ut dapibus. Cras consectetur arcu sit amet elit tristique suscipit. Mauris feugiat arcu quis metus semper feugiat. Class aptent taciti sociosqu ad litora torquent per conubia nostra, per inceptos himenaeos.</p>','',NULL,'','','','','','','','above',NULL,'',NULL,NULL,'','','','','',0,'ascending','','','','','',NULL,'','','','','','','',NULL,NULL,'',4,0,0,'','',NULL,'',NULL,'','',0,300,0,'',0,0,0,0,0,'',NULL,'','a:2:{i:0;s:0:\"\";i:1;s:6:\"danger\";}','a:2:{i:0;s:0:\"\";i:1;s:0:\"\";}','1','','','',0,'','','','','',NULL,'',''),
	(70,1,'tl_article',2560,1411115877,'text','a:2:{s:4:\"unit\";s:2:\"h1\";s:5:\"value\";s:0:\"\";}','<p>Lorem ipsum dolor sit amet, consectetur adipiscing elit. Donec accumsan felis sed risus rutrum mollis. Aenean a aliquet dui. Donec faucibus placerat lectus, id lobortis mi auctor vitae. Etiam ac lorem nulla. In consequat lobortis justo ut dapibus. Cras consectetur arcu sit amet elit tristique suscipit. Mauris feugiat arcu quis metus semper feugiat. Class aptent taciti sociosqu ad litora torquent per conubia nostra, per inceptos himenaeos.</p>','',NULL,'','','','','','','','above',NULL,'',NULL,NULL,'','','','','',0,'ascending','','','','','',NULL,'','','','','','','',NULL,NULL,'',4,0,0,'','',NULL,'',NULL,'','',0,300,0,'',0,0,0,0,0,'',NULL,'','a:2:{i:0;s:0:\"\";i:1;s:4:\"info\";}','a:2:{i:0;s:0:\"\";i:1;s:0:\"\";}','1','','','',0,'','','','','',NULL,'',''),
	(71,1,'tl_article',2688,1411115877,'text','a:2:{s:4:\"unit\";s:2:\"h1\";s:5:\"value\";s:0:\"\";}','<p>Lorem ipsum dolor sit amet, consectetur adipiscing elit. Donec accumsan felis sed risus rutrum mollis. Aenean a aliquet dui. Donec faucibus placerat lectus, id lobortis mi auctor vitae. Etiam ac lorem nulla. In consequat lobortis justo ut dapibus. Cras consectetur arcu sit amet elit tristique suscipit. Mauris feugiat arcu quis metus semper feugiat. Class aptent taciti sociosqu ad litora torquent per conubia nostra, per inceptos himenaeos.</p>','',NULL,'','','','','','','','above',NULL,'',NULL,NULL,'','','','','',0,'ascending','','','','','',NULL,'','','','','','','',NULL,NULL,'',4,0,0,'','',NULL,'',NULL,'','',0,300,0,'',0,0,0,0,0,'',NULL,'','a:2:{i:0;s:0:\"\";i:1;s:7:\"warning\";}','a:2:{i:0;s:0:\"\";i:1;s:0:\"\";}','1','','','',0,'','','','','',NULL,'',''),
	(72,1,'tl_article',2816,1411115877,'text','a:2:{s:4:\"unit\";s:2:\"h1\";s:5:\"value\";s:0:\"\";}','<p>Lorem ipsum dolor sit amet, consectetur adipiscing elit. Donec accumsan felis sed risus rutrum mollis. Aenean a aliquet dui. Donec faucibus placerat lectus, id lobortis mi auctor vitae. Etiam ac lorem nulla. In consequat lobortis justo ut dapibus. Cras consectetur arcu sit amet elit tristique suscipit. Mauris feugiat arcu quis metus semper feugiat. Class aptent taciti sociosqu ad litora torquent per conubia nostra, per inceptos himenaeos.</p>','',NULL,'','','','','','','','above',NULL,'',NULL,NULL,'','','','','',0,'ascending','','','','','',NULL,'','','','','','','',NULL,NULL,'',4,0,0,'','',NULL,'',NULL,'','',0,300,0,'',0,0,0,0,0,'',NULL,'','a:2:{i:0;s:0:\"\";i:1;s:6:\"danger\";}','a:2:{i:0;s:0:\"\";i:1;s:0:\"\";}','1','','','',0,'','','','','',NULL,'',''),
	(73,1,'tl_article',2944,1411115877,'text','a:2:{s:4:\"unit\";s:2:\"h1\";s:5:\"value\";s:0:\"\";}','<p>Lorem ipsum dolor sit amet, consectetur adipiscing elit. Donec accumsan felis sed risus rutrum mollis. Aenean a aliquet dui. Donec faucibus placerat lectus, id lobortis mi auctor vitae. Etiam ac lorem nulla. In consequat lobortis justo ut dapibus. Cras consectetur arcu sit amet elit tristique suscipit. Mauris feugiat arcu quis metus semper feugiat. Class aptent taciti sociosqu ad litora torquent per conubia nostra, per inceptos himenaeos.</p>','',NULL,'','','','','','','','above',NULL,'',NULL,NULL,'','','','','',0,'ascending','','','','','',NULL,'','','','','','','',NULL,NULL,'',4,0,0,'','',NULL,'',NULL,'','',0,300,0,'',0,0,0,0,0,'',NULL,'','a:2:{i:0;s:0:\"\";i:1;s:4:\"info\";}','a:2:{i:0;s:0:\"\";i:1;s:0:\"\";}','1','','','',0,'','','','','',NULL,'',''),
	(74,1,'tl_article',3072,1411115877,'text','a:2:{s:4:\"unit\";s:2:\"h1\";s:5:\"value\";s:0:\"\";}','<p>Lorem ipsum dolor sit amet, consectetur adipiscing elit. Donec accumsan felis sed risus rutrum mollis. Aenean a aliquet dui. Donec faucibus placerat lectus, id lobortis mi auctor vitae. Etiam ac lorem nulla. In consequat lobortis justo ut dapibus. Cras consectetur arcu sit amet elit tristique suscipit. Mauris feugiat arcu quis metus semper feugiat. Class aptent taciti sociosqu ad litora torquent per conubia nostra, per inceptos himenaeos.</p>','',NULL,'','','','','','','','above',NULL,'',NULL,NULL,'','','','','',0,'ascending','','','','','',NULL,'','','','','','','',NULL,NULL,'',4,0,0,'','',NULL,'',NULL,'','',0,300,0,'',0,0,0,0,0,'',NULL,'','a:2:{i:0;s:0:\"\";i:1;s:7:\"warning\";}','a:2:{i:0;s:0:\"\";i:1;s:0:\"\";}','1','','','',0,'','','','','',NULL,'',''),
	(75,1,'tl_article',3200,1411115877,'text','a:2:{s:4:\"unit\";s:2:\"h1\";s:5:\"value\";s:0:\"\";}','<p>Lorem ipsum dolor sit amet, consectetur adipiscing elit. Donec accumsan felis sed risus rutrum mollis. Aenean a aliquet dui. Donec faucibus placerat lectus, id lobortis mi auctor vitae. Etiam ac lorem nulla. In consequat lobortis justo ut dapibus. Cras consectetur arcu sit amet elit tristique suscipit. Mauris feugiat arcu quis metus semper feugiat. Class aptent taciti sociosqu ad litora torquent per conubia nostra, per inceptos himenaeos.</p>','',NULL,'','','','','','','','above',NULL,'',NULL,NULL,'','','','','',0,'ascending','','','','','',NULL,'','','','','','','',NULL,NULL,'',4,0,0,'','',NULL,'',NULL,'','',0,300,0,'',0,0,0,0,0,'',NULL,'','a:2:{i:0;s:0:\"\";i:1;s:6:\"danger\";}','a:2:{i:0;s:0:\"\";i:1;s:0:\"\";}','1','','','',0,'','','','','',NULL,'','');



# Export von Tabelle tl_cron
# ------------------------------------------------------------

INSERT INTO `tl_cron` (`id`, `name`, `value`)
VALUES
	(1,'lastrun','1437217920'),
	(2,'monthly','201507'),
	(3,'weekly','201529'),
	(4,'daily','20150718'),
	(5,'hourly','2015071813'),
	(6,'minutely','201507181312');


# Export von Tabelle tl_files
# ------------------------------------------------------------

INSERT INTO `tl_files` (`id`, `pid`, `tstamp`, `uuid`, `type`, `path`, `extension`, `hash`, `found`, `name`, `meta`, `importantPartX`, `importantPartY`, `importantPartWidth`, `importantPartHeight`)
VALUES
	(1,NULL,1403693943,X'B7ED1EC9FC5711E3A4A13A6A52C9F196','folder','files/tiny_templates','','3cb25412587bbaedd9901598abd93284','1','tiny_templates',NULL,0,0,0,0),
	(2,X'B7ED1EC9FC5711E3A4A13A6A52C9F196',1403693943,X'B7ED1EBAFC5711E3A4A13A6A52C9F196','file','files/tiny_templates/index.html','html','aeebec42dc0335ea1e0853f4393259b4','1','index.html',NULL,0,0,0,0),
	(3,NULL,1403693943,X'B7ED1EADFC5711E3A4A13A6A52C9F196','file','files/emails.csv','csv','c1e1dca0d12734c605602be515c0fd34','1','emails.csv',NULL,0,0,0,0),
	(4,NULL,1403693943,X'B7ED1E9FFC5711E3A4A13A6A52C9F196','file','files/tinymce.css','css','e6cfd2993ed50341da010e66be287d2d','1','tinymce.css',NULL,0,0,0,0),
	(5,X'E7D71FA0FC5C11E3A4A13A6A52C9F196',1404374152,X'1B5F9570FC5B11E3A4A13A6A52C9F196','folder','files/avisota-demo/content','','5051c6ad3f0f0d816f33c5ec4b5115ed','1','content',NULL,0,0,0,0),
	(6,NULL,1403696171,X'E7D71FA0FC5C11E3A4A13A6A52C9F196','folder','files/avisota-demo','','a8a8244d6e579dc28d877c30b1e8acad','1','avisota-demo',NULL,0,0,0,0),
	(7,X'E7D71FA0FC5C11E3A4A13A6A52C9F196',1403696171,X'E7D71F7BFC5C11E3A4A13A6A52C9F196','folder','files/avisota-demo/layout','','3713b714801ecb5182061db172f3cf13','1','layout',NULL,0,0,0,0),
	(8,X'E7D71F7BFC5C11E3A4A13A6A52C9F196',1403696171,X'E7D71F5DFC5C11E3A4A13A6A52C9F196','folder','files/avisota-demo/layout/css','','b74fdbadf40bf188535e5c714411c85e','1','css',NULL,0,0,0,0),
	(44,X'1B5F9570FC5B11E3A4A13A6A52C9F196',1407093796,X'9EB220571B4311E4A91308606EC58EE0','file','files/avisota-demo/content/IMG_4201.JPG','jpg','95a50eb9ef48723dba50b5afe1187cdf','1','IMG_4201.JPG',NULL,0,0,0,0),
	(10,X'E7D71F5DFC5C11E3A4A13A6A52C9F196',1404374152,X'7428ADF6028711E49560EA73802745E5','file','files/avisota-demo/layout/css/navigation.css','css','6b0a3f2b8ef2b6b93d2ad515bef4e19e','1','navigation.css',NULL,0,0,0,0),
	(11,X'E7D71F5DFC5C11E3A4A13A6A52C9F196',1404374152,X'7428ADF2028711E49560EA73802745E5','file','files/avisota-demo/layout/css/style.css','css','7700b11406f4e233d5e42f6a73c2b880','1','style.css',NULL,0,0,0,0),
	(12,X'E7D71F7BFC5C11E3A4A13A6A52C9F196',1404374152,X'7428ADEE028711E49560EA73802745E5','folder','files/avisota-demo/layout/.sass-cache','','87d350705c57c2d975be8cfc9e2a7693','1','.sass-cache',NULL,0,0,0,0),
	(13,X'7428ADEE028711E49560EA73802745E5',1404374152,X'7428ADE9028711E49560EA73802745E5','folder','files/avisota-demo/layout/.sass-cache/8d1bbecbf03b462f4c6289df796a863187871fc8','','f095f2e3e78757e776dad5eb37730dc9','1','8d1bbecbf03b462f4c6289df796a863187871fc8',NULL,0,0,0,0),
	(14,X'7428ADE9028711E49560EA73802745E5',1404374152,X'7428ADE5028711E49560EA73802745E5','file','files/avisota-demo/layout/.sass-cache/8d1bbecbf03b462f4c6289df796a863187871fc8/_reset.scssc','scssc','9db41a55beab6f80d828b720321e7eae','1','_reset.scssc',NULL,0,0,0,0),
	(15,X'7428ADEE028711E49560EA73802745E5',1404374152,X'7428ADE1028711E49560EA73802745E5','folder','files/avisota-demo/layout/.sass-cache/6f6cb40cd0c967593f97ff7cf1d49070b358fe36','','384dc0eaa3602c3e0a3163300b0f48ff','1','6f6cb40cd0c967593f97ff7cf1d49070b358fe36',NULL,0,0,0,0),
	(16,X'7428ADE1028711E49560EA73802745E5',1404374152,X'7428ADDC028711E49560EA73802745E5','file','files/avisota-demo/layout/.sass-cache/6f6cb40cd0c967593f97ff7cf1d49070b358fe36/print.scssc','scssc','5d5901cb11bc8309738c72f8652f077c','1','print.scssc',NULL,0,0,0,0),
	(17,X'7428ADE1028711E49560EA73802745E5',1404374152,X'7428ADD8028711E49560EA73802745E5','file','files/avisota-demo/layout/.sass-cache/6f6cb40cd0c967593f97ff7cf1d49070b358fe36/ie.scssc','scssc','e8318ce34768acce55acb7cbe071d39a','1','ie.scssc',NULL,0,0,0,0),
	(18,X'7428ADE1028711E49560EA73802745E5',1404374152,X'7428ADD1028711E49560EA73802745E5','file','files/avisota-demo/layout/.sass-cache/6f6cb40cd0c967593f97ff7cf1d49070b358fe36/screen.scssc','scssc','1e242921a98f5d8a0f0386626b123496','1','screen.scssc',NULL,0,0,0,0),
	(19,X'7428ADEE028711E49560EA73802745E5',1404374152,X'7428ADA3028711E49560EA73802745E5','folder','files/avisota-demo/layout/.sass-cache/c27996f625995c24ca637ffbef007ee7b046aad1','','e0e419f0e6bac907f4f86b488ee0487a','1','c27996f625995c24ca637ffbef007ee7b046aad1',NULL,0,0,0,0),
	(20,X'7428ADA3028711E49560EA73802745E5',1404374152,X'742BEE4E028711E49560EA73802745E5','file','files/avisota-demo/layout/.sass-cache/c27996f625995c24ca637ffbef007ee7b046aad1/layout.scssc','scssc','cc64511ac011e721c9f1bd74fa28cabd','1','layout.scssc',NULL,0,0,0,0),
	(21,X'7428ADA3028711E49560EA73802745E5',1404374152,X'742BEE49028711E49560EA73802745E5','file','files/avisota-demo/layout/.sass-cache/c27996f625995c24ca637ffbef007ee7b046aad1/style.scssc','scssc','6935e9259e5f6614a8c424342bd4abfe','1','style.scssc',NULL,0,0,0,0),
	(22,X'7428ADA3028711E49560EA73802745E5',1404374152,X'742BEE45028711E49560EA73802745E5','file','files/avisota-demo/layout/.sass-cache/c27996f625995c24ca637ffbef007ee7b046aad1/_scaffolding.scssc','scssc','e56afd773e47b9db1563a7a5f9d6f528','1','_scaffolding.scssc',NULL,0,0,0,0),
	(23,X'7428ADA3028711E49560EA73802745E5',1404374152,X'742BEE41028711E49560EA73802745E5','file','files/avisota-demo/layout/.sass-cache/c27996f625995c24ca637ffbef007ee7b046aad1/_panel.scssc','scssc','590a90b9cfb7c6a6177558f3eaa76431','1','_panel.scssc',NULL,0,0,0,0),
	(24,X'7428ADA3028711E49560EA73802745E5',1404374152,X'742BEE3C028711E49560EA73802745E5','file','files/avisota-demo/layout/.sass-cache/c27996f625995c24ca637ffbef007ee7b046aad1/_layout.scssc','scssc','c0d336e6dfce6e50b79cf7564431ca91','1','_layout.scssc',NULL,0,0,0,0),
	(25,X'7428ADA3028711E49560EA73802745E5',1404374152,X'742BEE37028711E49560EA73802745E5','file','files/avisota-demo/layout/.sass-cache/c27996f625995c24ca637ffbef007ee7b046aad1/navigation.scssc','scssc','cc64511ac011e721c9f1bd74fa28cabd','1','navigation.scssc',NULL,0,0,0,0),
	(26,X'7428ADA3028711E49560EA73802745E5',1404374152,X'742BEE33028711E49560EA73802745E5','file','files/avisota-demo/layout/.sass-cache/c27996f625995c24ca637ffbef007ee7b046aad1/_mixins.scssc','scssc','53693b9031d4d6a906d273953001ac5b','1','_mixins.scssc',NULL,0,0,0,0),
	(27,X'7428ADA3028711E49560EA73802745E5',1404374152,X'742BEE2E028711E49560EA73802745E5','file','files/avisota-demo/layout/.sass-cache/c27996f625995c24ca637ffbef007ee7b046aad1/_boxes.scssc','scssc','a2447f0762d8954584fdec062d0f6fcd','1','_boxes.scssc',NULL,0,0,0,0),
	(28,X'7428ADA3028711E49560EA73802745E5',1404374152,X'742BEE27028711E49560EA73802745E5','file','files/avisota-demo/layout/.sass-cache/c27996f625995c24ca637ffbef007ee7b046aad1/_navigation.scssc','scssc','e28d7a3e48e1c96c2d040898fc811650','1','_navigation.scssc',NULL,0,0,0,0),
	(29,X'7428ADEE028711E49560EA73802745E5',1404374152,X'742BEDEE028711E49560EA73802745E5','folder','files/avisota-demo/layout/.sass-cache/dc3c2ad9455a8346a847e74b89758086fe56fd21','','bfe56786c3c759ffd610088ac708dd18','1','dc3c2ad9455a8346a847e74b89758086fe56fd21',NULL,0,0,0,0),
	(30,X'742BEDEE028711E49560EA73802745E5',1404374152,X'742D9235028711E49560EA73802745E5','file','files/avisota-demo/layout/.sass-cache/dc3c2ad9455a8346a847e74b89758086fe56fd21/_utilities.scssc','scssc','14a5777952bac8e01b4b3a514d843773','1','_utilities.scssc',NULL,0,0,0,0),
	(31,X'E7D71F7BFC5C11E3A4A13A6A52C9F196',1404374152,X'742D9230028711E49560EA73802745E5','folder','files/avisota-demo/layout/images','','c33d3b2d07ea67716ada5e7e72bd3e0e','1','images',NULL,0,0,0,0),
	(32,X'742D9230028711E49560EA73802745E5',1404374152,X'742D922C028711E49560EA73802745E5','file','files/avisota-demo/layout/images/footer.jpg','jpg','a27ed8e04c026d3594e060db6fc87899','1','footer.jpg',NULL,0,0,0,0),
	(33,X'742D9230028711E49560EA73802745E5',1404374152,X'742D9228028711E49560EA73802745E5','file','files/avisota-demo/layout/images/avisota.png','png','0eb9422f4a4657d57b5c04e94cbc1fba','1','avisota.png',NULL,0,0,0,0),
	(34,X'E7D71F7BFC5C11E3A4A13A6A52C9F196',1404374152,X'742D9223028711E49560EA73802745E5','folder','files/avisota-demo/layout/scss','','d78a4f367d46b66022568874323fe058','1','scss',NULL,0,0,0,0),
	(35,X'742D9223028711E49560EA73802745E5',1404374152,X'742D921F028711E49560EA73802745E5','file','files/avisota-demo/layout/scss/_panel.scss','scss','e1340c9cfc45d784d8b4f7ec8f6ad095','1','_panel.scss',NULL,0,0,0,0),
	(36,X'742D9223028711E49560EA73802745E5',1404374152,X'742D921A028711E49560EA73802745E5','file','files/avisota-demo/layout/scss/_scaffolding.scss','scss','8d595894f6decf5951b1dd0481d4330e','1','_scaffolding.scss',NULL,0,0,0,0),
	(37,X'742D9223028711E49560EA73802745E5',1404374152,X'742D9215028711E49560EA73802745E5','file','files/avisota-demo/layout/scss/_navigation.scss','scss','51325cda0c898b524c3649561c4303c1','1','_navigation.scss',NULL,0,0,0,0),
	(38,X'742D9223028711E49560EA73802745E5',1404374152,X'742D920E028711E49560EA73802745E5','file','files/avisota-demo/layout/scss/_layout.scss','scss','ac12a964579a1d62d08e61418a38bfc1','1','_layout.scss',NULL,0,0,0,0),
	(39,X'742D9223028711E49560EA73802745E5',1404374152,X'742D91E6028711E49560EA73802745E5','file','files/avisota-demo/layout/scss/_boxes.scss','scss','109aa4ed0ca9dd8bfdbd4fd2890f2be6','1','_boxes.scss',NULL,0,0,0,0),
	(40,X'742D9223028711E49560EA73802745E5',1404374152,X'742F377C028711E49560EA73802745E5','file','files/avisota-demo/layout/scss/style.scss','scss','4098f13b7c8d85c12f7f37667c87b722','1','style.scss',NULL,0,0,0,0),
	(41,X'742D9223028711E49560EA73802745E5',1404374152,X'742F3777028711E49560EA73802745E5','file','files/avisota-demo/layout/scss/_mixins.scss','scss','2f153f49bc5eb5b0ed24319422023da4','1','_mixins.scss',NULL,0,0,0,0),
	(42,X'E7D71F7BFC5C11E3A4A13A6A52C9F196',1404374152,X'742F3773028711E49560EA73802745E5','file','files/avisota-demo/layout/config.rb','rb','b376e37b833080d9f18b9f3414a811e7','1','config.rb',NULL,0,0,0,0);


# Export von Tabelle tl_layout
# ------------------------------------------------------------

INSERT INTO `tl_layout` (`id`, `pid`, `tstamp`, `name`, `rows`, `headerHeight`, `footerHeight`, `cols`, `widthLeft`, `widthRight`, `sections`, `sPosition`, `framework`, `stylesheet`, `external`, `orderExt`, `newsfeeds`, `calendarfeeds`, `modules`, `template`, `doctype`, `webfonts`, `cssClass`, `onload`, `head`, `addJQuery`, `jSource`, `jquery`, `addMooTools`, `mooSource`, `mootools`, `analytics`, `script`, `static`, `width`, `align`, `viewport`, `titleTag`, `loadingOrder`, `picturefill`)
VALUES
	(1,1,1415024637,'Standardlayout','3rw','a:2:{s:4:\"unit\";s:0:\"\";s:5:\"value\";s:0:\"\";}','a:2:{s:4:\"unit\";s:0:\"\";s:5:\"value\";s:0:\"\";}','2cll','a:2:{s:4:\"unit\";s:2:\"px\";s:5:\"value\";s:3:\"230\";}','','','main','a:2:{i:0;s:10:\"layout.css\";i:1;s:14:\"responsive.css\";}',NULL,X'613A313A7B693A303B733A31363A227428ADF2028711E49560EA73802745E5223B7D',X'613A313A7B693A303B733A31363A227428ADF2028711E49560EA73802745E5223B7D',NULL,NULL,X'613A343A7B693A303B613A333A7B733A333A226D6F64223B733A313A2231223B733A333A22636F6C223B733A363A22686561646572223B733A363A22656E61626C65223B733A313A2231223B7D693A313B613A333A7B733A333A226D6F64223B733A313A2232223B733A333A22636F6C223B733A343A226C656674223B733A363A22656E61626C65223B733A313A2231223B7D693A323B613A333A7B733A333A226D6F64223B733A313A2230223B733A333A22636F6C223B733A343A226D61696E223B733A363A22656E61626C65223B733A313A2231223B7D693A333B613A333A7B733A333A226D6F64223B733A313A2233223B733A333A22636F6C223B733A363A22666F6F746572223B733A363A22656E61626C65223B733A313A2231223B7D7D','fe_page','html5','Source+Sans+Pro:400,700,400italic,700italic|Euphoria+Script','','','<link href=\"//maxcdn.bootstrapcdn.com/font-awesome/4.1.0/css/font-awesome.min.css\" rel=\"stylesheet\">','','',NULL,'','moo_local',NULL,'','','','a:2:{s:4:\"unit\";s:2:\"px\";s:5:\"value\";s:3:\"980\";}','center','','','','');


# Export von Tabelle tl_member
# ------------------------------------------------------------

INSERT INTO `tl_member` (`id`, `tstamp`, `firstname`, `lastname`, `dateOfBirth`, `gender`, `company`, `street`, `postal`, `city`, `state`, `country`, `phone`, `mobile`, `fax`, `email`, `website`, `language`, `groups`, `login`, `username`, `password`, `assignDir`, `homeDir`, `disable`, `start`, `stop`, `dateAdded`, `lastLogin`, `currentLogin`, `loginCount`, `locked`, `session`, `autologin`, `createdOn`, `activation`, `newsletter`)
VALUES
	(1,1407332702,'Macey','Medhurst','','female','','','','','','','','','','qleuschke@gmail.com','','',X'613A313A7B693A303B733A313A2231223B7D','',X'','','',NULL,'','','',1407327661,0,0,3,0,NULL,NULL,0,'',NULL),
	(2,1407332702,'Lesly','Kautzer','','male','','','','','','','','','','cbecker@yahoo.com','','',X'613A313A7B693A303B733A313A2232223B7D','',X'','','',NULL,'','','',1407327696,0,0,3,0,NULL,NULL,0,'',NULL),
	(3,1407332702,'Josue','Marvin','','female','','','','','','','','','','franecki.reinhold@yahoo.com','','',NULL,'',X'','','',NULL,'','','',1407327715,0,0,3,0,NULL,NULL,0,'',NULL),
	(4,1407332702,'Hudson','Wiza Jr.','','male','','','','','','','','','','sophie48@collinswalter.com','','',X'613A323A7B693A303B733A313A2231223B693A313B733A313A2232223B7D','',X'','','',NULL,'','','',1407327738,0,0,3,0,NULL,NULL,0,'',NULL);


# Export von Tabelle tl_member_group
# ------------------------------------------------------------

INSERT INTO `tl_member_group` (`id`, `tstamp`, `name`, `redirect`, `jumpTo`, `disable`, `start`, `stop`)
VALUES
	(1,1407327544,'Mitglieder','',0,'','',''),
	(2,1407327549,'Partner','',0,'','','');


# Export von Tabelle tl_module
# ------------------------------------------------------------

INSERT INTO `tl_module` (`id`, `pid`, `tstamp`, `name`, `headline`, `type`, `levelOffset`, `showLevel`, `hardLimit`, `showProtected`, `defineRoot`, `rootPage`, `navigationTpl`, `pages`, `orderPages`, `showHidden`, `customLabel`, `autologin`, `jumpTo`, `redirectBack`, `cols`, `editable`, `memberTpl`, `tableless`, `form`, `queryType`, `fuzzy`, `contextLength`, `totalLength`, `perPage`, `searchType`, `searchTpl`, `inColumn`, `skipFirst`, `loadFirst`, `size`, `transparent`, `flashvars`, `altContent`, `source`, `singleSRC`, `url`, `interactive`, `flashID`, `flashJS`, `imgSize`, `useCaption`, `fullsize`, `multiSRC`, `orderSRC`, `html`, `rss_cache`, `rss_feed`, `rss_template`, `numberOfItems`, `disableCaptcha`, `reg_groups`, `reg_allowLogin`, `reg_skipName`, `reg_close`, `reg_assignDir`, `reg_homeDir`, `reg_activate`, `reg_jumpTo`, `reg_text`, `reg_password`, `protected`, `groups`, `guests`, `cssID`, `space`, `cal_calendar`, `cal_noSpan`, `cal_startDay`, `cal_format`, `cal_ignoreDynamic`, `cal_order`, `cal_readerModule`, `cal_limit`, `cal_template`, `cal_ctemplate`, `cal_showQuantity`, `com_order`, `com_moderate`, `com_bbcode`, `com_requireLogin`, `com_disableCaptcha`, `com_template`, `faq_categories`, `faq_readerModule`, `list_table`, `list_fields`, `list_where`, `list_search`, `list_sort`, `list_info`, `list_info_where`, `list_layout`, `list_info_layout`, `news_archives`, `news_featured`, `news_jumpToCurrent`, `news_readerModule`, `news_metaFields`, `news_template`, `news_format`, `news_startDay`, `news_order`, `news_showQuantity`, `newsletters`, `nl_channels`, `nl_hideChannels`, `nl_subscribe`, `nl_unsubscribe`, `nl_template`, `avisota_message_categories`, `avisota_message_layout`, `avisota_message_cell`, `avisota_mailing_lists`, `avisota_recipient_fields`, `avisota_form_target`, `avisota_subscribe_form_template`, `avisota_subscribe_confirmation_message`, `avisota_subscribe_confirmation_page`, `avisota_subscribe_activation_page`, `avisota_subscribe_activate_confirmation_page`, `avisota_activation_redirect_page`, `avisota_activation_confirmation_page`, `avisota_unsubscribe_show_mailing_lists`, `avisota_unsubscribe_confirmation_message`, `avisota_unsubscribe_form_template`, `avisota_unsubscribe_confirmation_page`, `avisota_subscription_form_template`, `avisota_subscription_confirmation_message`, `twig`, `nc_notification`, `merger_mode`, `merger_template`, `merger_container`, `merger_data`, `customTpl`)
VALUES
	(1,1,1403702984,'Header - Brand','','html',0,0,'','','',0,'',NULL,NULL,'','','',0,'','2cl',NULL,'','',0,'and','',48,1000,0,'simple','','main',0,'','','','',NULL,'internal',NULL,'','','',NULL,'','','',NULL,NULL,'<div class=\"brand\">\n	{{image::files/avisota-demo/layout/images/avisota.png}}\n	<strong>Demo</strong>\n</div>',3600,NULL,'rss_default',3,'',NULL,'','','','',NULL,'',0,NULL,NULL,'',NULL,'','','',NULL,'',1,'','','',0,0,'','','','','','','','','',NULL,0,'','','','','','','','list_default','info_default',NULL,'','',0,'','','',0,'','',NULL,NULL,'',NULL,NULL,'',NULL,'',NULL,NULL,NULL,0,'','',0,0,0,0,0,'','','',0,'','',NULL,0,'','merger_default','',NULL,''),
	(2,1,1403700306,'Navigation menu','a:2:{s:4:\"unit\";s:2:\"h1\";s:5:\"value\";s:0:\"\";}','navigation',0,1,'','','',0,'nav_default',NULL,NULL,'','','',0,'','2cl',NULL,'','',0,'and','',48,1000,0,'simple','','main',0,'','','','',NULL,'internal',NULL,'','','',NULL,'','','',NULL,NULL,NULL,3600,NULL,'rss_default',3,'',NULL,'','','','',NULL,'',0,NULL,NULL,'',NULL,'','a:2:{i:0;s:0:\"\";i:1;s:0:\"\";}','a:2:{i:0;s:0:\"\";i:1;s:0:\"\";}',NULL,'',1,'','','',0,0,'','','','','','','','','',NULL,0,'','','','','','','','list_default','info_default',NULL,'','',0,'','','',0,'','',NULL,NULL,'',NULL,NULL,'',NULL,'',NULL,NULL,NULL,0,'','',0,0,0,0,0,'','','',0,'','',NULL,0,'','merger_default','',NULL,''),
	(3,1,1403699975,'Footer - License','','html',0,0,'','','',0,'',NULL,NULL,'','','',0,'','2cl',NULL,'','',0,'and','',48,1000,0,'simple','','main',0,'','','','',NULL,'internal',NULL,'','','',NULL,'','','',NULL,NULL,'<div class=\"license\">\n  <a rel=\"license\" href=\"http://creativecommons.org/licenses/by-sa/4.0/\">\n    <img alt=\"Creative Commons Lizenzvertrag\" style=\"border-width:0\" src=\"https://i.creativecommons.org/l/by-sa/4.0/88x31.png\" />\n  </a>\n  <span xmlns:dct=\"http://purl.org/dc/terms/\" property=\"dct:title\">Avisota Demo Website</span> von <a xmlns:cc=\"http://creativecommons.org/ns#\" href=\"http://demo.avisota.org\" property=\"cc:attributionName\" rel=\"cc:attributionURL\">demo.avisota.org</a> ist lizenziert unter einer <a rel=\"license\" href=\"http://creativecommons.org/licenses/by-sa/4.0/\">Creative Commons Namensnennung - Weitergabe unter gleichen Bedingungen 4.0 International Lizenz</a>.\n</div>',3600,NULL,'rss_default',3,'',NULL,'','','','',NULL,'',0,NULL,NULL,'',NULL,'','','',NULL,'',1,'','','',0,0,'','','','','','','','','',NULL,0,'','','','','','','','list_default','info_default',NULL,'','',0,'','','',0,'','',NULL,NULL,'',NULL,NULL,'',NULL,'',NULL,NULL,NULL,0,'','',0,0,0,0,0,'','','',0,'','',NULL,0,'','merger_default','',NULL,''),
	(4,1,1404379437,'Avisota - Anmelde Formular','a:2:{s:4:\"unit\";s:2:\"h1\";s:5:\"value\";s:0:\"\";}','avisota_subscribe',0,0,'','','',0,'',NULL,NULL,'','','',0,'','2cl',NULL,'','',0,'and','',48,1000,0,'simple','','main',0,'','','','',NULL,'internal',NULL,'','','',NULL,'','','',NULL,NULL,NULL,3600,NULL,'rss_default',3,'',NULL,'','','','',NULL,'',0,NULL,NULL,'',NULL,'','a:2:{i:0;s:0:\"\";i:1;s:0:\"\";}','a:2:{i:0;s:0:\"\";i:1;s:0:\"\";}',NULL,'',1,'','','',0,0,'','','','','','','','','',NULL,0,'','','','','','','','list_default','info_default',NULL,'','',0,'','','',0,'','',NULL,NULL,'',NULL,NULL,'',NULL,'',NULL,'a:3:{i:0;s:36:\"213b6609-01df-11e4-954e-ea727c17fdb3\";i:1;s:36:\"1c2f41f4-01df-11e4-954e-ea727c17fdb3\";i:2;s:36:\"1f0a5edf-01df-11e4-954e-ea727c17fdb3\";}','a:2:{i:0;s:12:\"mailingLists\";i:1;s:5:\"email\";}',0,'avisota/subscription-recipient/avisota_subscribe_default','0a9fd954-0212-11e4-954e-ea727c17fdb3',11,12,0,0,0,'','','',0,'','',NULL,0,'','merger_default','',NULL,''),
	(5,1,1404365868,'Avisota - Abmelde Formular','a:2:{s:4:\"unit\";s:2:\"h1\";s:5:\"value\";s:0:\"\";}','avisota_unsubscribe',0,0,'','','',0,'',NULL,NULL,'','','',0,'','2cl',NULL,'','',0,'and','',48,1000,0,'simple','','main',0,'','','','',NULL,'internal',NULL,'','','',NULL,'','','',NULL,NULL,NULL,3600,NULL,'rss_default',3,'',NULL,'','','','',NULL,'',0,NULL,NULL,'',NULL,'','a:2:{i:0;s:0:\"\";i:1;s:0:\"\";}','a:2:{i:0;s:0:\"\";i:1;s:0:\"\";}',NULL,'',1,'','','',0,0,'','','','','','','','','',NULL,0,'','','','','','','','list_default','info_default',NULL,'','',0,'','','',0,'','',NULL,NULL,'',NULL,NULL,'',NULL,'',NULL,'a:3:{i:0;s:36:\"213b6609-01df-11e4-954e-ea727c17fdb3\";i:1;s:36:\"1c2f41f4-01df-11e4-954e-ea727c17fdb3\";i:2;s:36:\"1f0a5edf-01df-11e4-954e-ea727c17fdb3\";}',NULL,0,'','',0,0,0,0,0,'1','cc87fadc-0213-11e4-954e-ea727c17fdb3','avisota/subscription-recipient/avisota_unsubscribe_default',15,'','',NULL,0,'','merger_default','',NULL,''),
	(6,1,1404365583,'Avisota - Abonnement Aktivierung','a:2:{s:4:\"unit\";s:2:\"h1\";s:5:\"value\";s:0:\"\";}','avisota_activation',0,0,'','','',0,'',NULL,NULL,'','','',0,'','2cl',NULL,'','',0,'and','',48,1000,0,'simple','','main',0,'','','','',NULL,'internal',NULL,'','','',NULL,'','','',NULL,NULL,NULL,3600,NULL,'rss_default',3,'',NULL,'','','','',NULL,'',0,NULL,NULL,'',NULL,'','a:2:{i:0;s:0:\"\";i:1;s:0:\"\";}','a:2:{i:0;s:0:\"\";i:1;s:0:\"\";}',NULL,'',1,'','','',0,0,'','','','','','','','','',NULL,0,'','','','','','','','list_default','info_default',NULL,'','',0,'','','',0,'','',NULL,NULL,'',NULL,NULL,'',NULL,'',NULL,NULL,NULL,0,'','',0,0,0,0,13,'','','',0,'','',NULL,0,'','merger_default','',NULL,''),
	(7,1,1404410449,'Avisota - Nachrichtenliste','a:2:{s:4:\"unit\";s:2:\"h1\";s:5:\"value\";s:0:\"\";}','avisota_message_list',0,0,'','','',0,'',NULL,NULL,'','','',16,'','2cl',NULL,'','',0,'and','',48,1000,0,'simple','','main',0,'','','','',NULL,'internal',NULL,'','','',NULL,'','','',NULL,NULL,NULL,3600,NULL,'rss_default',3,'',NULL,'','','','',NULL,'',0,NULL,NULL,'',NULL,'','a:2:{i:0;s:0:\"\";i:1;s:0:\"\";}','a:2:{i:0;s:0:\"\";i:1;s:0:\"\";}',NULL,'',1,'','','',0,0,'','','','','','','','','',NULL,0,'','','','','','','','list_default','info_default',NULL,'','',0,'','','',0,'','',NULL,NULL,'',NULL,NULL,'','a:3:{i:0;s:36:\"b6a3c765-02c4-11e4-9560-ea73802745e5\";i:1;s:36:\"0133f756-02c3-11e4-9560-ea73802745e5\";i:2;s:36:\"0b6b978c-02c3-11e4-9560-ea73802745e5\";}','',NULL,NULL,NULL,0,'','',0,0,0,0,0,'','','',0,'','',NULL,0,'','merger_default','',NULL,''),
	(8,1,1437025315,'Avisota - Detailansicht','a:2:{s:4:\"unit\";s:2:\"h1\";s:5:\"value\";s:0:\"\";}','avisota_message_reader',0,0,'','','',0,'',NULL,NULL,'','','',0,'','2cl',NULL,'','',0,'and','',48,1000,0,'simple','','main',0,'','','','',NULL,'internal',NULL,'','','',NULL,'','','',NULL,NULL,NULL,3600,NULL,'rss_default',3,'',NULL,'','','','',NULL,'',0,NULL,NULL,'',NULL,'','a:2:{i:0;s:0:\"\";i:1;s:0:\"\";}','a:2:{i:0;s:0:\"\";i:1;s:0:\"\";}',NULL,'',1,'','','',0,0,'','','','','','','','','',NULL,0,'','','','','','','','list_default','info_default',NULL,'','',0,'','','',0,'','',NULL,NULL,'',NULL,NULL,'','a:3:{i:0;s:36:\"b6a3c765-02c4-11e4-9560-ea73802745e5\";i:1;s:36:\"0133f756-02c3-11e4-9560-ea73802745e5\";i:2;s:36:\"0b6b978c-02c3-11e4-9560-ea73802745e5\";}','f9511968-0213-11e4-954e-ea727c17fdb3','a:15:{i:0;s:5:\"title\";i:1;s:6:\"teaser\";i:2;s:10:\"viewonline\";i:3;s:6:\"header\";i:4;s:4:\"left\";i:5;s:5:\"right\";i:6;s:4:\"main\";i:7;s:6:\"social\";i:8;s:6:\"footer\";i:9;s:7:\"rewards\";i:10;s:12:\"subscription\";i:11;s:7:\"sidebar\";i:12;s:6:\"center\";i:13;s:7:\"linkUrl\";i:14;s:8:\"linkText\";}',NULL,NULL,0,'','',0,0,0,0,0,'','','',0,'','',NULL,0,'','merger_default','',NULL,''),
	(9,1,1410847063,'Events - Liste','a:2:{s:4:\"unit\";s:2:\"h1\";s:5:\"value\";s:0:\"\";}','eventlist',0,0,'','','',0,'',NULL,NULL,'','','',0,'','2cl',NULL,'','',0,'and','',48,1000,0,'simple','','main',0,'','','','',NULL,'internal',NULL,'','','',NULL,'a:3:{i:0;s:0:\"\";i:1;s:0:\"\";i:2;s:12:\"proportional\";}','','',NULL,NULL,NULL,3600,NULL,'rss_default',3,'',NULL,'','','','',NULL,'',0,NULL,NULL,'',NULL,'','a:2:{i:0;s:0:\"\";i:1;s:0:\"\";}','a:2:{i:0;s:0:\"\";i:1;s:0:\"\";}',NULL,'',1,'','','',0,0,'','','','','','','','','',NULL,0,'','','','','','','','list_default','info_default',NULL,'','',0,'','','',0,'','',NULL,NULL,'',NULL,NULL,'',NULL,'',NULL,NULL,NULL,0,'','',0,0,0,0,0,'','','',0,'','',NULL,0,'','merger_default','',NULL,''),
	(10,1,1410847057,'Events - Leser','a:2:{s:4:\"unit\";s:2:\"h1\";s:5:\"value\";s:0:\"\";}','eventreader',0,0,'','','',0,'',NULL,NULL,'','','',0,'','2cl',NULL,'','',0,'and','',48,1000,0,'simple','','main',0,'','','','',NULL,'internal',NULL,'','','',NULL,'a:3:{i:0;s:0:\"\";i:1;s:0:\"\";i:2;s:12:\"proportional\";}','','',NULL,NULL,NULL,3600,NULL,'rss_default',3,'',NULL,'','','','',NULL,'',0,NULL,NULL,'',NULL,'','a:2:{i:0;s:0:\"\";i:1;s:0:\"\";}','a:2:{i:0;s:0:\"\";i:1;s:0:\"\";}',NULL,'',1,'','','',0,0,'','','','','','','','','',NULL,0,'','','','','','','','list_default','info_default',NULL,'','',0,'','','',0,'','',NULL,NULL,'',NULL,NULL,'',NULL,'',NULL,NULL,NULL,0,'','',0,0,0,0,0,'','','',0,'','',NULL,0,'','merger_default','',NULL,''),
	(12,1,1410847805,'Nachrichten - Leser','a:2:{s:4:\"unit\";s:2:\"h1\";s:5:\"value\";s:0:\"\";}','newsreader',0,0,'','','',0,'',NULL,NULL,'','','',0,'','2cl',NULL,'','',0,'and','',48,1000,0,'simple','','main',0,'','','','',NULL,'internal',NULL,'','','',NULL,'a:3:{i:0;s:0:\"\";i:1;s:0:\"\";i:2;s:12:\"proportional\";}','','',NULL,NULL,NULL,3600,NULL,'rss_default',3,'',NULL,'','','','',NULL,'',0,NULL,NULL,'',NULL,'','a:2:{i:0;s:0:\"\";i:1;s:0:\"\";}','a:2:{i:0;s:0:\"\";i:1;s:0:\"\";}',NULL,'',1,'','','',0,0,'','','','','','','','','',NULL,0,'','','','','','','','list_default','info_default',NULL,'','',0,'','','',0,'','',NULL,NULL,'',NULL,NULL,'',NULL,'',NULL,NULL,NULL,0,'','',0,0,0,0,0,'','','',0,'','',NULL,0,'','merger_default','',NULL,''),
	(13,1,1410847827,'Nachrichten - Liste','a:2:{s:4:\"unit\";s:2:\"h1\";s:5:\"value\";s:0:\"\";}','newslist',0,0,'','','',0,'',NULL,NULL,'','','',0,'','2cl',NULL,'','',0,'and','',48,1000,0,'simple','','main',0,'','','','',NULL,'internal',NULL,'','','',NULL,'a:3:{i:0;s:0:\"\";i:1;s:0:\"\";i:2;s:12:\"proportional\";}','','',NULL,NULL,NULL,3600,NULL,'rss_default',0,'',NULL,'','','','',NULL,'',0,NULL,NULL,'',NULL,'','a:2:{i:0;s:0:\"\";i:1;s:0:\"\";}','a:2:{i:0;s:0:\"\";i:1;s:0:\"\";}',NULL,'',1,'','','',0,0,'','','','','','','','','',NULL,0,'','','','','','','','list_default','info_default',NULL,'','',0,'','','',0,'','',NULL,NULL,'',NULL,NULL,'',NULL,'',NULL,NULL,NULL,0,'','',0,0,0,0,0,'','','',0,'','',NULL,0,'','merger_default','',NULL,'');


# Export von Tabelle tl_page
# ------------------------------------------------------------

INSERT INTO `tl_page` (`id`, `pid`, `sorting`, `tstamp`, `title`, `alias`, `type`, `pageTitle`, `language`, `robots`, `description`, `redirect`, `jumpTo`, `url`, `target`, `dns`, `staticFiles`, `staticPlugins`, `fallback`, `adminEmail`, `dateFormat`, `timeFormat`, `datimFormat`, `createSitemap`, `sitemapName`, `useSSL`, `autoforward`, `protected`, `groups`, `includeLayout`, `layout`, `mobileLayout`, `includeCache`, `cache`, `includeChmod`, `cuser`, `cgroup`, `chmod`, `noSearch`, `cssClass`, `sitemap`, `hide`, `guests`, `tabindex`, `accesskey`, `published`, `start`, `stop`)
VALUES
	(1,0,128,1403696268,'Avisota Demo (Deutsch)',X'617669736F74612D64656D6F2D64657574736368','root','','de','',NULL,'permanent',0,'','','','','','1','','','','','','','','','',NULL,'1',1,0,'',0,'',0,0,'a:9:{i:0;s:2:\"u1\";i:1;s:2:\"u2\";i:2;s:2:\"u3\";i:3;s:2:\"u4\";i:4;s:2:\"u5\";i:5;s:2:\"u6\";i:6;s:2:\"g4\";i:7;s:2:\"g5\";i:8;s:2:\"g6\";}','','','','','',0,'','1','',''),
	(2,1,128,1403696287,'Übersicht',X'75656265727369636874','regular','','','index,follow','','permanent',0,'','','','','','','','','','','','','','','',NULL,'',0,0,'',0,'',0,0,'a:9:{i:0;s:2:\"u1\";i:1;s:2:\"u2\";i:2;s:2:\"u3\";i:3;s:2:\"u4\";i:4;s:2:\"u5\";i:5;s:2:\"u6\";i:6;s:2:\"g4\";i:7;s:2:\"g5\";i:8;s:2:\"g6\";}','','','map_default','','',0,'','1','',''),
	(3,1,256,1403696297,'Abonnenten',X'61626F6E6E656E74656E','regular','','','index,follow','','permanent',0,'','','','','','','','','','','','','','','',NULL,'',0,0,'',0,'',0,0,'a:9:{i:0;s:2:\"u1\";i:1;s:2:\"u2\";i:2;s:2:\"u3\";i:3;s:2:\"u4\";i:4;s:2:\"u5\";i:5;s:2:\"u6\";i:6;s:2:\"g4\";i:7;s:2:\"g5\";i:8;s:2:\"g6\";}','','','map_default','','',0,'','1','',''),
	(4,1,384,1403701944,'Tracking',X'747261636B696E67','regular','','','index,follow','','permanent',0,'','','','','','','','','','','','','','','',NULL,'',0,0,'',0,'',0,0,'a:9:{i:0;s:2:\"u1\";i:1;s:2:\"u2\";i:2;s:2:\"u3\";i:3;s:2:\"u4\";i:4;s:2:\"u5\";i:5;s:2:\"u6\";i:6;s:2:\"g4\";i:7;s:2:\"g5\";i:8;s:2:\"g6\";}','','','map_default','','',0,'','1','',''),
	(9,4,128,1403701954,'Google Analytics',X'747261636B696E672F676F6F676C652D616E616C7974696373','regular','','','index,follow','','permanent',0,'','','','','','','','','','','','','','','',NULL,'',0,0,'',0,'',0,0,'a:9:{i:0;s:2:\"u1\";i:1;s:2:\"u2\";i:2;s:2:\"u3\";i:3;s:2:\"u4\";i:4;s:2:\"u5\";i:5;s:2:\"u6\";i:6;s:2:\"g4\";i:7;s:2:\"g5\";i:8;s:2:\"g6\";}','','','map_default','','',0,'','1','',''),
	(5,1,320,1403699186,'Website Integration',X'776562736974652D696E746567726174696F6E','regular','','','index,follow','','permanent',0,'','','','','','','','','','','','','','','',NULL,'',0,0,'',0,'',0,0,'a:9:{i:0;s:2:\"u1\";i:1;s:2:\"u2\";i:2;s:2:\"u3\";i:3;s:2:\"u4\";i:4;s:2:\"u5\";i:5;s:2:\"u6\";i:6;s:2:\"g4\";i:7;s:2:\"g5\";i:8;s:2:\"g6\";}','','','map_default','','',0,'','1','',''),
	(6,3,128,1403700022,'Anmeldeformular',X'61626F6E6E656E74656E2F616E6D656C6465666F726D756C6172','regular','','','index,follow','','permanent',0,'','','','','','','','','','','','','','','',NULL,'',0,0,'',0,'',0,0,'a:9:{i:0;s:2:\"u1\";i:1;s:2:\"u2\";i:2;s:2:\"u3\";i:3;s:2:\"u4\";i:4;s:2:\"u5\";i:5;s:2:\"u6\";i:6;s:2:\"g4\";i:7;s:2:\"g5\";i:8;s:2:\"g6\";}','','','map_default','','',0,'','1','',''),
	(7,3,256,1403700028,'Abmeldeformular',X'61626F6E6E656E74656E2F61626D656C6465666F726D756C6172','regular','','','index,follow','','permanent',0,'','','','','','','','','','','','','','','',NULL,'',0,0,'',0,'',0,0,'a:9:{i:0;s:2:\"u1\";i:1;s:2:\"u2\";i:2;s:2:\"u3\";i:3;s:2:\"u4\";i:4;s:2:\"u5\";i:5;s:2:\"u6\";i:6;s:2:\"g4\";i:7;s:2:\"g5\";i:8;s:2:\"g6\";}','','','map_default','','',0,'','1','',''),
	(10,1,352,1403702290,'Themes',X'7468656D6573','regular','','','index,follow','','permanent',0,'','','','','','','','','','','','','','','',NULL,'',0,0,'',0,'',0,0,'a:9:{i:0;s:2:\"u1\";i:1;s:2:\"u2\";i:2;s:2:\"u3\";i:3;s:2:\"u4\";i:4;s:2:\"u5\";i:5;s:2:\"u6\";i:6;s:2:\"g4\";i:7;s:2:\"g5\";i:8;s:2:\"g6\";}','','','map_default','','',0,'','1','',''),
	(11,6,128,1404365516,'Bestätigung',X'61626F6E6E656E74656E2F616E6D656C6465666F726D756C61722F626573746165746967756E67','regular','','','index,follow','','permanent',0,'','','','','','','','','','','','','','','',NULL,'',0,0,'',0,'',0,0,'a:9:{i:0;s:2:\"u1\";i:1;s:2:\"u2\";i:2;s:2:\"u3\";i:3;s:2:\"u4\";i:4;s:2:\"u5\";i:5;s:2:\"u6\";i:6;s:2:\"g4\";i:7;s:2:\"g5\";i:8;s:2:\"g6\";}','','','map_never','1','',0,'','1','',''),
	(12,6,256,1404365528,'Aktivierung',X'61626F6E6E656E74656E2F616E6D656C6465666F726D756C61722F616B746976696572756E67','regular','','','index,follow','','permanent',0,'','','','','','','','','','','','','','','',NULL,'',0,0,'',0,'',0,0,'a:9:{i:0;s:2:\"u1\";i:1;s:2:\"u2\";i:2;s:2:\"u3\";i:3;s:2:\"u4\";i:4;s:2:\"u5\";i:5;s:2:\"u6\";i:6;s:2:\"g4\";i:7;s:2:\"g5\";i:8;s:2:\"g6\";}','','','map_never','1','',0,'','1','',''),
	(13,6,384,1404365538,'Aktivierungsbestätigung',X'61626F6E6E656E74656E2F616E6D656C6465666F726D756C61722F616B746976696572756E6773626573746165746967756E67','regular','','','index,follow','','permanent',0,'','','','','','','','','','','','','','','',NULL,'',0,0,'',0,'',0,0,'a:9:{i:0;s:2:\"u1\";i:1;s:2:\"u2\";i:2;s:2:\"u3\";i:3;s:2:\"u4\";i:4;s:2:\"u5\";i:5;s:2:\"u6\";i:6;s:2:\"g4\";i:7;s:2:\"g5\";i:8;s:2:\"g6\";}','','','map_never','1','',0,'','1','',''),
	(14,6,320,1404365603,'Fehlerhafte Aktivierung',X'61626F6E6E656E74656E2F616E6D656C6465666F726D756C61722F6665686C657268616674652D616B746976696572756E67','regular','','','index,follow','','permanent',0,'','','','','','','','','','','','','','','',NULL,'',0,0,'',0,'',0,0,'a:9:{i:0;s:2:\"u1\";i:1;s:2:\"u2\";i:2;s:2:\"u3\";i:3;s:2:\"u4\";i:4;s:2:\"u5\";i:5;s:2:\"u6\";i:6;s:2:\"g4\";i:7;s:2:\"g5\";i:8;s:2:\"g6\";}','','','map_never','1','',0,'','1','',''),
	(15,7,128,1404365642,'Bestätigung',X'61626F6E6E656E74656E2F61626D656C6465666F726D756C61722F626573746165746967756E67','regular','','','index,follow','','permanent',0,'','','','','','','','','','','','','','','',NULL,'',0,0,'',0,'',0,0,'a:9:{i:0;s:2:\"u1\";i:1;s:2:\"u2\";i:2;s:2:\"u3\";i:3;s:2:\"u4\";i:4;s:2:\"u5\";i:5;s:2:\"u6\";i:6;s:2:\"g4\";i:7;s:2:\"g5\";i:8;s:2:\"g6\";}','','','map_never','1','',0,'','1','',''),
	(16,5,128,1404410437,'Ansicht',X'776562736974652D696E746567726174696F6E2F616E7369636874','regular','','','index,follow','','permanent',0,'','','','','','','','','','','','','','','',NULL,'',0,0,'',0,'',0,0,'a:9:{i:0;s:2:\"u1\";i:1;s:2:\"u2\";i:2;s:2:\"u3\";i:3;s:2:\"u4\";i:4;s:2:\"u5\";i:5;s:2:\"u6\";i:6;s:2:\"g4\";i:7;s:2:\"g5\";i:8;s:2:\"g6\";}','','','map_never','1','',0,'','1','',''),
	(17,1,288,1410846314,'Inhaltselemente',X'696E68616C7473656C656D656E7465','regular','','','index,follow','','permanent',0,'','','','','','','','','','','','','','','',NULL,'',0,0,'',0,'',0,0,'a:9:{i:0;s:2:\"u1\";i:1;s:2:\"u2\";i:2;s:2:\"u3\";i:3;s:2:\"u4\";i:4;s:2:\"u5\";i:5;s:2:\"u6\";i:6;s:2:\"g4\";i:7;s:2:\"g5\";i:8;s:2:\"g6\";}','','','map_default','','',0,'','1','',''),
	(18,17,128,1410847092,'Events',X'696E68616C7473656C656D656E74652F6576656E7473','regular','','','index,follow','','permanent',0,'','','','','','','','','','','','','','','',NULL,'',0,0,'',0,'',0,0,'a:9:{i:0;s:2:\"u1\";i:1;s:2:\"u2\";i:2;s:2:\"u3\";i:3;s:2:\"u4\";i:4;s:2:\"u5\";i:5;s:2:\"u6\";i:6;s:2:\"g4\";i:7;s:2:\"g5\";i:8;s:2:\"g6\";}','','','map_default','1','',0,'','1','',''),
	(19,17,64,1410847743,'Nachrichten',X'696E68616C7473656C656D656E74652F6E6163687269636874656E','regular','','','index,follow','','permanent',0,'','','','','','','','','','','','','','','',NULL,'',0,0,'',0,'',0,0,'a:9:{i:0;s:2:\"u1\";i:1;s:2:\"u2\";i:2;s:2:\"u3\";i:3;s:2:\"u4\";i:4;s:2:\"u5\";i:5;s:2:\"u6\";i:6;s:2:\"g4\";i:7;s:2:\"g5\";i:8;s:2:\"g6\";}','','','map_default','1','',0,'','1','',''),
	(20,19,128,1410847842,'Leser',X'696E68616C7473656C656D656E74652F6E6163687269636874656E2F6C65736572','regular','','','index,follow','','permanent',0,'','','','','','','','','','','','','','','',NULL,'',0,0,'',0,'',0,0,'a:9:{i:0;s:2:\"u1\";i:1;s:2:\"u2\";i:2;s:2:\"u3\";i:3;s:2:\"u4\";i:4;s:2:\"u5\";i:5;s:2:\"u6\";i:6;s:2:\"g4\";i:7;s:2:\"g5\";i:8;s:2:\"g6\";}','','','map_default','1','',0,'','1','','');


# Export von Tabelle tl_repository_installs
# ------------------------------------------------------------

INSERT INTO `tl_repository_installs` (`id`, `tstamp`, `extension`, `version`, `build`, `alpha`, `beta`, `rc`, `stable`, `lickey`, `delprot`, `updprot`, `error`)
VALUES
	(1,1437014950,'composer',150029,6,'0','0','0','1','','','','');


# Export von Tabelle tl_repository_instfiles
# ------------------------------------------------------------

INSERT INTO `tl_repository_instfiles` (`id`, `pid`, `tstamp`, `filename`, `filetype`, `flag`)
VALUES
	(1,1,1437014950,'system/modules/!composer','D',''),
	(2,1,1437014950,'system/modules/!composer/Contao2ClassFileExistsHack.php','F',''),
	(3,1,1437014950,'system/modules/!composer/assets','D',''),
	(4,1,1437014950,'system/modules/!composer/assets/.htaccess','F',''),
	(5,1,1437014950,'system/modules/!composer/assets/css','D',''),
	(6,1,1437014950,'system/modules/!composer/assets/css/backend.css','F',''),
	(7,1,1437014950,'system/modules/!composer/assets/css/backend.css.map','F',''),
	(8,1,1437014950,'system/modules/!composer/assets/css/backend.scss','F',''),
	(9,1,1437014950,'system/modules/!composer/assets/images','D',''),
	(10,1,1437014950,'system/modules/!composer/assets/images/clear_composer_cache.png','F',''),
	(11,1,1437014950,'system/modules/!composer/assets/images/collapse.png','F',''),
	(12,1,1437014950,'system/modules/!composer/assets/images/composer_update.png','F',''),
	(13,1,1437014950,'system/modules/!composer/assets/images/database_update.png','F',''),
	(14,1,1437014950,'system/modules/!composer/assets/images/dependant.png','F',''),
	(15,1,1437014950,'system/modules/!composer/assets/images/dependency.png','F',''),
	(16,1,1437014950,'system/modules/!composer/assets/images/expand.png','F',''),
	(17,1,1437014950,'system/modules/!composer/assets/images/experts_mode.png','F',''),
	(18,1,1437014950,'system/modules/!composer/assets/images/fail.png','F',''),
	(19,1,1437014950,'system/modules/!composer/assets/images/icon.png','F',''),
	(20,1,1437014950,'system/modules/!composer/assets/images/installed_package.png','F',''),
	(21,1,1437014950,'system/modules/!composer/assets/images/installing.png','F',''),
	(22,1,1437014950,'system/modules/!composer/assets/images/mark_install.png','F',''),
	(23,1,1437014950,'system/modules/!composer/assets/images/not_installed.png','F',''),
	(24,1,1437014950,'system/modules/!composer/assets/images/pass.png','F',''),
	(25,1,1437014950,'system/modules/!composer/assets/images/remove.png','F',''),
	(26,1,1437014950,'system/modules/!composer/assets/images/removing.png','F',''),
	(27,1,1437014950,'system/modules/!composer/assets/images/settings_dialog.png','F',''),
	(28,1,1437014950,'system/modules/!composer/assets/images/tools_dialog.png','F',''),
	(29,1,1437014950,'system/modules/!composer/assets/images/type-component.png','F',''),
	(30,1,1437014950,'system/modules/!composer/assets/images/type-composer-installer.png','F',''),
	(31,1,1437014950,'system/modules/!composer/assets/images/type-composer-plugin.png','F',''),
	(32,1,1437014950,'system/modules/!composer/assets/images/type-contao-module.png','F',''),
	(33,1,1437014950,'system/modules/!composer/assets/images/type-legacy-contao-module.png','F',''),
	(34,1,1437014950,'system/modules/!composer/assets/images/type-library.png','F',''),
	(35,1,1437014950,'system/modules/!composer/assets/images/type-meta-package.png','F',''),
	(36,1,1437014950,'system/modules/!composer/assets/images/type-metapackage.png','F',''),
	(37,1,1437014950,'system/modules/!composer/assets/images/type-php.png','F',''),
	(38,1,1437014950,'system/modules/!composer/assets/images/undo_migration.png','F',''),
	(39,1,1437014950,'system/modules/!composer/assets/images/version_locked.png','F',''),
	(40,1,1437014950,'system/modules/!composer/assets/images/version_unlocked.png','F',''),
	(41,1,1437014950,'system/modules/!composer/assets/images/version_unpinable.png','F',''),
	(42,1,1437014950,'system/modules/!composer/assets/images/warn.png','F',''),
	(43,1,1437014950,'system/modules/!composer/assets/js','D',''),
	(44,1,1437014950,'system/modules/!composer/assets/js/dependencyGraph.js','F',''),
	(45,1,1437014950,'system/modules/!composer/assets/js/detached.js','F',''),
	(46,1,1437014950,'system/modules/!composer/assets/js/migrate.js','F',''),
	(47,1,1437014950,'system/modules/!composer/assets/js/select_packages.js','F',''),
	(48,1,1437014950,'system/modules/!composer/config','D',''),
	(49,1,1437014950,'system/modules/!composer/config/autoload.ini','F',''),
	(50,1,1437014950,'system/modules/!composer/config/autoload.php','F',''),
	(51,1,1437014950,'system/modules/!composer/config/config.php','F',''),
	(52,1,1437014950,'system/modules/!composer/config/test.phar','F',''),
	(53,1,1437014950,'system/modules/!composer/dca','D',''),
	(54,1,1437014950,'system/modules/!composer/dca/tl_settings.php','F',''),
	(55,1,1437014950,'system/modules/!composer/languages/de','D',''),
	(56,1,1437014950,'system/modules/!composer/languages','D',''),
	(57,1,1437014950,'system/modules/!composer/languages/de/composer_client.php','F',''),
	(58,1,1437014950,'system/modules/!composer/languages/de/default.php','F',''),
	(59,1,1437014950,'system/modules/!composer/languages/de/modules.php','F',''),
	(60,1,1437014950,'system/modules/!composer/languages/de/tl_settings.php','F',''),
	(61,1,1437014950,'system/modules/!composer/languages/en','D',''),
	(62,1,1437014950,'system/modules/!composer/languages/en/composer_client.php','F',''),
	(63,1,1437014950,'system/modules/!composer/languages/en/default.php','F',''),
	(64,1,1437014950,'system/modules/!composer/languages/en/modules.php','F',''),
	(65,1,1437014950,'system/modules/!composer/languages/en/tl_settings.php','F',''),
	(66,1,1437014950,'system/modules/!composer/languages/fr','D',''),
	(67,1,1437014950,'system/modules/!composer/languages/fr/composer_client.php','F',''),
	(68,1,1437014950,'system/modules/!composer/languages/rm','D',''),
	(69,1,1437014950,'system/modules/!composer/languages/rm/composer_client.php','F',''),
	(70,1,1437014950,'system/modules/!composer/languages/rm/default.php','F',''),
	(71,1,1437014950,'system/modules/!composer/languages/rm/modules.php','F',''),
	(72,1,1437014950,'system/modules/!composer/languages/rm/tl_settings.php','F',''),
	(73,1,1437014950,'system/modules/!composer/languages/ru','D',''),
	(74,1,1437014950,'system/modules/!composer/languages/ru/composer_client.php','F',''),
	(75,1,1437014950,'system/modules/!composer/languages/ru/default.php','F',''),
	(76,1,1437014950,'system/modules/!composer/languages/ru/modules.php','F',''),
	(77,1,1437014950,'system/modules/!composer/languages/ru/tl_settings.php','F',''),
	(78,1,1437014950,'system/modules/!composer/src','D',''),
	(79,1,1437014950,'system/modules/!composer/src/ClassLoader.php','F',''),
	(80,1,1437014950,'system/modules/!composer/src/Client.php','F',''),
	(81,1,1437014950,'system/modules/!composer/src/ClientBackend.php','F',''),
	(82,1,1437014950,'system/modules/!composer/src/ConsoleColorConverter.php','F',''),
	(83,1,1437014950,'system/modules/!composer/src/Controller','D',''),
	(84,1,1437014950,'system/modules/!composer/src/Controller/AbstractController.php','F',''),
	(85,1,1437014950,'system/modules/!composer/src/Controller/ClearComposerCacheController.php','F',''),
	(86,1,1437014950,'system/modules/!composer/src/Controller/ControllerInterface.php','F',''),
	(87,1,1437014950,'system/modules/!composer/src/Controller/DependencyGraphController.php','F',''),
	(88,1,1437014950,'system/modules/!composer/src/Controller/DetachedController.php','F',''),
	(89,1,1437014950,'system/modules/!composer/src/Controller/DetailsController.php','F',''),
	(90,1,1437014950,'system/modules/!composer/src/Controller/ExpertsEditorController.php','F',''),
	(91,1,1437014950,'system/modules/!composer/src/Controller/InstalledController.php','F',''),
	(92,1,1437014950,'system/modules/!composer/src/Controller/MigrationWizardController.php','F',''),
	(93,1,1437014950,'system/modules/!composer/src/Controller/PinController.php','F',''),
	(94,1,1437014950,'system/modules/!composer/src/Controller/RemovePackageController.php','F',''),
	(95,1,1437014950,'system/modules/!composer/src/Controller/ResyncController.php','F',''),
	(96,1,1437014950,'system/modules/!composer/src/Controller/SearchController.php','F',''),
	(97,1,1437014950,'system/modules/!composer/src/Controller/SettingsController.php','F',''),
	(98,1,1437014950,'system/modules/!composer/src/Controller/SolveController.php','F',''),
	(99,1,1437014950,'system/modules/!composer/src/Controller/ToolsController.php','F',''),
	(100,1,1437014950,'system/modules/!composer/src/Controller/UndoMigrationController.php','F',''),
	(101,1,1437014950,'system/modules/!composer/src/Controller/UpdateDatabaseController.php','F',''),
	(102,1,1437014950,'system/modules/!composer/src/Controller/UpdatePackagesController.php','F',''),
	(103,1,1437014950,'system/modules/!composer/src/DatabaseInstaller.php','F',''),
	(104,1,1437014950,'system/modules/!composer/src/Downloader.php','F',''),
	(105,1,1437014950,'system/modules/!composer/src/Runtime.php','F',''),
	(106,1,1437014950,'system/modules/!composer/templates','D',''),
	(107,1,1437014950,'system/modules/!composer/templates/be_composer_client.html5','F',''),
	(108,1,1437014950,'system/modules/!composer/templates/be_composer_client_dependency_graph.html5','F',''),
	(109,1,1437014950,'system/modules/!composer/templates/be_composer_client_detached.html5','F',''),
	(110,1,1437014950,'system/modules/!composer/templates/be_composer_client_editor.html5','F',''),
	(111,1,1437014950,'system/modules/!composer/templates/be_composer_client_errors.html5','F',''),
	(112,1,1437014950,'system/modules/!composer/templates/be_composer_client_form.html5','F',''),
	(113,1,1437014950,'system/modules/!composer/templates/be_composer_client_install.html5','F',''),
	(114,1,1437014950,'system/modules/!composer/templates/be_composer_client_install_composer.html5','F',''),
	(115,1,1437014950,'system/modules/!composer/templates/be_composer_client_migrate.html5','F',''),
	(116,1,1437014950,'system/modules/!composer/templates/be_composer_client_migrate_undo.html5','F',''),
	(117,1,1437014950,'system/modules/!composer/templates/be_composer_client_search.html5','F',''),
	(118,1,1437014950,'system/modules/!composer/templates/be_composer_client_settings.html5','F',''),
	(119,1,1437014950,'system/modules/!composer/templates/be_composer_client_solve.html5','F',''),
	(120,1,1437014950,'system/modules/!composer/templates/be_composer_client_tools.html5','F',''),
	(121,1,1437014950,'system/modules/!composer/templates/be_composer_client_update.html5','F','');


# Export von Tabelle tl_style_sheet
# ------------------------------------------------------------

INSERT INTO `tl_style_sheet` (`id`, `pid`, `tstamp`, `name`, `disablePie`, `embedImages`, `cc`, `media`, `mediaQuery`, `vars`)
VALUES
	(3,1,1437108170,'newsletter','',0,'','a:1:{i:0;s:3:\"all\";}','','a:0:{}');


# Export von Tabelle tl_theme
# ------------------------------------------------------------

INSERT INTO `tl_theme` (`id`, `tstamp`, `name`, `author`, `folders`, `screenshot`, `templates`, `vars`)
VALUES
	(1,1415024548,'Avisota Demo','Avisota Team',NULL,NULL,'templates/avisota-demo/layout','a:0:{}');


# Export von Tabelle tl_user
# ------------------------------------------------------------

INSERT INTO `tl_user` (`id`, `tstamp`, `username`, `name`, `email`, `language`, `backendTheme`, `uploader`, `showHelp`, `thumbnails`, `useRTE`, `useCE`, `password`, `pwChange`, `admin`, `groups`, `inherit`, `modules`, `themes`, `pagemounts`, `alpty`, `filemounts`, `fop`, `forms`, `formp`, `disable`, `start`, `stop`, `session`, `dateAdded`, `lastLogin`, `currentLogin`, `loginCount`, `locked`, `calendars`, `calendarp`, `calendarfeeds`, `calendarfeedp`, `faqs`, `faqp`, `news`, `newp`, `newsfeeds`, `newsfeedp`, `newsletters`, `newsletterp`, `et_enable`, `et_activeModules`, `et_short`, `et_mode`, `et_bemodRef`)
VALUES
	(1,1403863717,X'6B2E6A6F6E6573','Kevin Jones','k.jones@example.com','de','flexible','DropZone','1','1','1','1','$6$42c53cc1475f8935$GGLIkW8IRdYD8PmlkK4OiFwG5pLzYAUbHGX99BjfhWpT2LTTiuaWTGEwXAJM.1Wc35Qx0UFUsUZXSQyNG3b/N/','','1',NULL,'',NULL,NULL,X'613A303A7B7D',NULL,X'613A303A7B7D',NULL,NULL,NULL,'','','',X'613A33393A7B733A373A2272656665726572223B613A32343A7B733A383A226138613433313436223B613A333A7B733A383A22746C5F7468656D65223B733A33383A22636F6E74616F2F6D61696E2E7068703F646F3D7468656D6573267265663D3163323162303561223B733A343A226C617374223B733A34323A22636F6E74616F2F6D61696E2E7068703F646F3D74706C5F656469746F72267265663D3333616636636537223B733A373A2263757272656E74223B733A33383A22636F6E74616F2F6D61696E2E7068703F646F3D7468656D6573267265663D3163323162303561223B7D733A383A223465613836346366223B613A333A7B733A383A22746C5F7468656D65223B733A33383A22636F6E74616F2F6D61696E2E7068703F646F3D7468656D6573267265663D3163323162303561223B733A343A226C617374223B733A34323A22636F6E74616F2F6D61696E2E7068703F646F3D74706C5F656469746F72267265663D3333616636636537223B733A373A2263757272656E74223B733A33383A22636F6E74616F2F6D61696E2E7068703F646F3D7468656D6573267265663D3163323162303561223B7D733A383A226136313765316263223B613A333A7B733A343A226C617374223B733A33383A22636F6E74616F2F6D61696E2E7068703F646F3D7468656D6573267265663D3163323162303561223B733A383A22746C5F7468656D65223B733A33383A22636F6E74616F2F6D61696E2E7068703F646F3D7468656D6573267265663D3163323162303561223B733A373A2263757272656E74223B733A39353A22636F6E74616F2F6D61696E2E7068703F646F3D7468656D6573267461626C653D746C5F6C61796F75742669643D312672743D3232326461396634383661316164346136346533373733326365363637393333267265663D3465613836346366223B7D733A383A223938626363323636223B613A333A7B733A343A226C617374223B733A33383A22636F6E74616F2F6D61696E2E7068703F646F3D7468656D6573267265663D3163323162303561223B733A383A22746C5F7468656D65223B733A33383A22636F6E74616F2F6D61696E2E7068703F646F3D7468656D6573267265663D3163323162303561223B733A373A2263757272656E74223B733A39353A22636F6E74616F2F6D61696E2E7068703F646F3D7468656D6573267461626C653D746C5F6C61796F75742669643D312672743D3232326461396634383661316164346136346533373733326365363637393333267265663D3465613836346366223B7D733A383A223961363264306634223B613A333A7B733A343A226C617374223B733A33383A22636F6E74616F2F6D61696E2E7068703F646F3D7468656D6573267265663D3163323162303561223B733A383A22746C5F7468656D65223B733A33383A22636F6E74616F2F6D61696E2E7068703F646F3D7468656D6573267265663D3163323162303561223B733A373A2263757272656E74223B733A39353A22636F6E74616F2F6D61696E2E7068703F646F3D7468656D6573267461626C653D746C5F6C61796F75742669643D312672743D3232326461396634383661316164346136346533373733326365363637393333267265663D3465613836346366223B7D733A383A223561303638653836223B613A333A7B733A343A226C617374223B733A39353A22636F6E74616F2F6D61696E2E7068703F646F3D7468656D6573267461626C653D746C5F6C61796F75742669643D312672743D3232326461396634383661316164346136346533373733326365363637393333267265663D3465613836346366223B733A383A22746C5F7468656D65223B733A33383A22636F6E74616F2F6D61696E2E7068703F646F3D7468656D6573267265663D3163323162303561223B733A373A2263757272656E74223B733A34333A22636F6E74616F2F6D61696E2E7068703F646F3D6D61696E74656E616E6365267265663D3961363264306634223B7D733A383A223165386131633662223B613A333A7B733A343A226C617374223B733A39353A22636F6E74616F2F6D61696E2E7068703F646F3D7468656D6573267461626C653D746C5F6C61796F75742669643D312672743D3232326461396634383661316164346136346533373733326365363637393333267265663D3465613836346366223B733A383A22746C5F7468656D65223B733A33383A22636F6E74616F2F6D61696E2E7068703F646F3D7468656D6573267265663D3163323162303561223B733A373A2263757272656E74223B733A34333A22636F6E74616F2F6D61696E2E7068703F646F3D6D61696E74656E616E6365267265663D3961363264306634223B7D733A383A223664323230643665223B613A333A7B733A343A226C617374223B733A39353A22636F6E74616F2F6D61696E2E7068703F646F3D7468656D6573267461626C653D746C5F6C61796F75742669643D312672743D3232326461396634383661316164346136346533373733326365363637393333267265663D3465613836346366223B733A383A22746C5F7468656D65223B733A33383A22636F6E74616F2F6D61696E2E7068703F646F3D7468656D6573267265663D3163323162303561223B733A373A2263757272656E74223B733A34333A22636F6E74616F2F6D61696E2E7068703F646F3D6D61696E74656E616E6365267265663D3961363264306634223B7D733A383A226538303832646433223B613A323A7B733A343A226C617374223B733A303A22223B733A373A2263757272656E74223B733A31353A22636F6E74616F2F6D61696E2E706870223B7D733A383A223962633533313838223B613A333A7B733A373A22746C5F70616765223B733A33363A22636F6E74616F2F6D61696E2E7068703F646F3D70616765267265663D6538303832646433223B733A343A226C617374223B733A31353A22636F6E74616F2F6D61696E2E706870223B733A373A2263757272656E74223B733A33363A22636F6E74616F2F6D61696E2E7068703F646F3D70616765267265663D6538303832646433223B7D733A383A223037386539663735223B613A333A7B733A343A226C617374223B733A33363A22636F6E74616F2F6D61696E2E7068703F646F3D70616765267265663D6538303832646433223B733A373A22746C5F70616765223B733A33363A22636F6E74616F2F6D61696E2E7068703F646F3D70616765267265663D6538303832646433223B733A373A2263757272656E74223B733A38323A22636F6E74616F2F6D61696E2E7068703F646F3D61727469636C65266E6F64653D392672743D3033306532333037336131616363386137363932343836396265396535326337267265663D3962633533313838223B7D733A383A223164636565383533223B613A343A7B733A31303A22746C5F61727469636C65223B733A37353A22636F6E74616F2F6D61696E2E7068703F646F3D61727469636C652672743D3033306532333037336131616363386137363932343836396265396535326337267265663D3962633533313838223B733A373A22746C5F70616765223B733A33363A22636F6E74616F2F6D61696E2E7068703F646F3D70616765267265663D6538303832646433223B733A343A226C617374223B733A33363A22636F6E74616F2F6D61696E2E7068703F646F3D70616765267265663D6538303832646433223B733A373A2263757272656E74223B733A37353A22636F6E74616F2F6D61696E2E7068703F646F3D61727469636C652672743D3033306532333037336131616363386137363932343836396265396535326337267265663D3962633533313838223B7D733A383A223363386263366435223B613A343A7B733A343A226C617374223B733A37353A22636F6E74616F2F6D61696E2E7068703F646F3D61727469636C652672743D3033306532333037336131616363386137363932343836396265396535326337267265663D3962633533313838223B733A31303A22746C5F61727469636C65223B733A37353A22636F6E74616F2F6D61696E2E7068703F646F3D61727469636C652672743D3033306532333037336131616363386137363932343836396265396535326337267265663D3962633533313838223B733A373A22746C5F70616765223B733A33363A22636F6E74616F2F6D61696E2E7068703F646F3D70616765267265663D6538303832646433223B733A373A2263757272656E74223B733A39373A22636F6E74616F2F6D61696E2E7068703F646F3D61727469636C65267461626C653D746C5F636F6E74656E742669643D382672743D3033306532333037336131616363386137363932343836396265396535326337267265663D3164636565383533223B7D733A383A223036666265326135223B613A343A7B733A31303A22746C5F61727469636C65223B733A37353A22636F6E74616F2F6D61696E2E7068703F646F3D61727469636C652672743D3033306532333037336131616363386137363932343836396265396535326337267265663D3962633533313838223B733A373A22746C5F70616765223B733A33363A22636F6E74616F2F6D61696E2E7068703F646F3D70616765267265663D6538303832646433223B733A343A226C617374223B733A33363A22636F6E74616F2F6D61696E2E7068703F646F3D70616765267265663D6538303832646433223B733A373A2263757272656E74223B733A37353A22636F6E74616F2F6D61696E2E7068703F646F3D61727469636C652672743D3033306532333037336131616363386137363932343836396265396535326337267265663D3962633533313838223B7D733A383A223032313265393464223B613A333A7B733A343A226C617374223B733A33363A22636F6E74616F2F6D61696E2E7068703F646F3D70616765267265663D6538303832646433223B733A373A22746C5F70616765223B733A33363A22636F6E74616F2F6D61696E2E7068703F646F3D70616765267265663D6538303832646433223B733A373A2263757272656E74223B733A38333A22636F6E74616F2F6D61696E2E7068703F646F3D61727469636C65266E6F64653D31312672743D3033306532333037336131616363386137363932343836396265396535326337267265663D3962633533313838223B7D733A383A223464376361376564223B613A343A7B733A31303A22746C5F61727469636C65223B733A37353A22636F6E74616F2F6D61696E2E7068703F646F3D61727469636C652672743D3033306532333037336131616363386137363932343836396265396535326337267265663D3962633533313838223B733A373A22746C5F70616765223B733A33363A22636F6E74616F2F6D61696E2E7068703F646F3D70616765267265663D6538303832646433223B733A343A226C617374223B733A33363A22636F6E74616F2F6D61696E2E7068703F646F3D70616765267265663D6538303832646433223B733A373A2263757272656E74223B733A37353A22636F6E74616F2F6D61696E2E7068703F646F3D61727469636C652672743D3033306532333037336131616363386137363932343836396265396535326337267265663D3962633533313838223B7D733A383A226230633562666133223B613A343A7B733A343A226C617374223B733A37353A22636F6E74616F2F6D61696E2E7068703F646F3D61727469636C652672743D3033306532333037336131616363386137363932343836396265396535326337267265663D3962633533313838223B733A31303A22746C5F61727469636C65223B733A37353A22636F6E74616F2F6D61696E2E7068703F646F3D61727469636C652672743D3033306532333037336131616363386137363932343836396265396535326337267265663D3962633533313838223B733A373A22746C5F70616765223B733A33363A22636F6E74616F2F6D61696E2E7068703F646F3D70616765267265663D6538303832646433223B733A373A2263757272656E74223B733A39383A22636F6E74616F2F6D61696E2E7068703F646F3D61727469636C65267461626C653D746C5F636F6E74656E742669643D31302672743D3033306532333037336131616363386137363932343836396265396535326337267265663D3464376361376564223B7D733A383A223830343838613631223B613A343A7B733A343A226C617374223B733A39383A22636F6E74616F2F6D61696E2E7068703F646F3D61727469636C65267461626C653D746C5F636F6E74656E742669643D31302672743D3033306532333037336131616363386137363932343836396265396535326337267265663D3464376361376564223B733A31303A22746C5F61727469636C65223B733A37353A22636F6E74616F2F6D61696E2E7068703F646F3D61727469636C652672743D3033306532333037336131616363386137363932343836396265396535326337267265663D3962633533313838223B733A373A22746C5F70616765223B733A33363A22636F6E74616F2F6D61696E2E7068703F646F3D70616765267265663D6538303832646433223B733A373A2263757272656E74223B733A34303A22636F6E74616F2F6D61696E2E7068703F646F3D73657474696E6773267265663D6230633562666133223B7D733A383A226432356437313761223B613A343A7B733A343A226C617374223B733A39383A22636F6E74616F2F6D61696E2E7068703F646F3D61727469636C65267461626C653D746C5F636F6E74656E742669643D31302672743D3033306532333037336131616363386137363932343836396265396535326337267265663D3464376361376564223B733A31303A22746C5F61727469636C65223B733A37353A22636F6E74616F2F6D61696E2E7068703F646F3D61727469636C652672743D3033306532333037336131616363386137363932343836396265396535326337267265663D3962633533313838223B733A373A22746C5F70616765223B733A33363A22636F6E74616F2F6D61696E2E7068703F646F3D70616765267265663D6538303832646433223B733A373A2263757272656E74223B733A34303A22636F6E74616F2F6D61696E2E7068703F646F3D73657474696E6773267265663D6230633562666133223B7D733A383A226237323436383864223B613A343A7B733A343A226C617374223B733A39383A22636F6E74616F2F6D61696E2E7068703F646F3D61727469636C65267461626C653D746C5F636F6E74656E742669643D31302672743D3033306532333037336131616363386137363932343836396265396535326337267265663D3464376361376564223B733A31303A22746C5F61727469636C65223B733A37353A22636F6E74616F2F6D61696E2E7068703F646F3D61727469636C652672743D3033306532333037336131616363386137363932343836396265396535326337267265663D3962633533313838223B733A373A22746C5F70616765223B733A33363A22636F6E74616F2F6D61696E2E7068703F646F3D70616765267265663D6538303832646433223B733A373A2263757272656E74223B733A34303A22636F6E74616F2F6D61696E2E7068703F646F3D73657474696E6773267265663D6230633562666133223B7D733A383A223665376137333837223B613A343A7B733A343A226C617374223B733A34303A22636F6E74616F2F6D61696E2E7068703F646F3D73657474696E6773267265663D6230633562666133223B733A31303A22746C5F61727469636C65223B733A37353A22636F6E74616F2F6D61696E2E7068703F646F3D61727469636C652672743D3033306532333037336131616363386137363932343836396265396535326337267265663D3962633533313838223B733A373A22746C5F70616765223B733A33363A22636F6E74616F2F6D61696E2E7068703F646F3D70616765267265663D6538303832646433223B733A373A2263757272656E74223B733A35303A22636F6E74616F2F6D61696E2E7068703F646F3D617669736F74615F6E6577736C6574746572267265663D6237323436383864223B7D733A383A226430656138326236223B613A343A7B733A343A226C617374223B733A35303A22636F6E74616F2F6D61696E2E7068703F646F3D617669736F74615F6E6577736C6574746572267265663D6237323436383864223B733A31303A22746C5F61727469636C65223B733A37353A22636F6E74616F2F6D61696E2E7068703F646F3D61727469636C652672743D3033306532333037336131616363386137363932343836396265396535326337267265663D3962633533313838223B733A373A22746C5F70616765223B733A33363A22636F6E74616F2F6D61696E2E7068703F646F3D70616765267265663D6538303832646433223B733A373A2263757272656E74223B733A33363A22636F6E74616F2F6D61696E2E7068703F646F3D75736572267265663D3665376137333837223B7D733A383A223661663032626433223B613A343A7B733A343A226C617374223B733A35303A22636F6E74616F2F6D61696E2E7068703F646F3D617669736F74615F6E6577736C6574746572267265663D6237323436383864223B733A31303A22746C5F61727469636C65223B733A37353A22636F6E74616F2F6D61696E2E7068703F646F3D61727469636C652672743D3033306532333037336131616363386137363932343836396265396535326337267265663D3962633533313838223B733A373A22746C5F70616765223B733A33363A22636F6E74616F2F6D61696E2E7068703F646F3D70616765267265663D6538303832646433223B733A373A2263757272656E74223B733A33363A22636F6E74616F2F6D61696E2E7068703F646F3D75736572267265663D3665376137333837223B7D733A383A226533643037323065223B613A323A7B733A343A226C617374223B733A303A22223B733A373A2263757272656E74223B733A31353A22636F6E74616F2F6D61696E2E706870223B7D7D733A32323A227374796C655F73686565745F7570646174655F616C6C223B4E3B733A373A2243555252454E54223B613A343A7B733A333A22494453223B613A323A7B693A303B733A313A2232223B693A313B733A313A2231223B7D733A31303A22746C5F636F6E74656E74223B613A313A7B693A303B733A353A226373734944223B7D733A393A22746C5F6D656D626572223B613A313A7B693A303B733A363A2267656E646572223B7D733A393A22746C5F6C61796F7574223B613A313A7B693A303B733A393A226672616D65776F726B223B7D7D733A393A22434C4950424F415244223B613A31343A7B733A31303A22746C5F636F6E74656E74223B613A303A7B7D733A31323A22746C5F74656D706C61746573223B613A303A7B7D733A32313A22746C5F6E6577736C65747465725F6368616E6E656C223B613A303A7B7D733A32343A22746C5F6E6577736C65747465725F726563697069656E7473223B613A303A7B7D733A383A22746C5F66696C6573223B613A303A7B7D733A31353A22746C5F6E6577735F61726368697665223B613A303A7B7D733A373A22746C5F6E657773223B613A303A7B7D733A31353A22746C5F6D656D6265725F67726F7570223B613A303A7B7D733A393A22746C5F6D656D626572223B613A303A7B7D733A31313A22746C5F63616C656E646172223B613A303A7B7D733A31383A22746C5F63616C656E6461725F6576656E7473223B613A303A7B7D733A373A22746C5F70616765223B613A303A7B7D733A393A22746C5F6D6F64756C65223B613A303A7B7D733A373A22746C5F75736572223B613A303A7B7D7D733A31313A226E65775F7265636F726473223B613A31353A7B733A383A22746C5F7468656D65223B613A313A7B693A303B693A313B7D733A393A22746C5F6C61796F7574223B613A313A7B693A303B693A313B7D733A373A22746C5F70616765223B613A32303A7B693A303B693A313B693A313B693A323B693A323B693A333B693A333B693A343B693A343B693A353B693A353B693A363B693A363B693A373B693A373B693A383B693A383B693A393B693A393B693A31303B693A31303B693A31313B693A31313B693A31323B693A31323B693A31333B693A31333B693A31343B693A31343B693A31353B693A31353B693A31363B693A31363B693A31373B693A31373B693A31383B693A31383B693A31393B693A31393B693A32303B7D733A393A22746C5F6D6F64756C65223B613A31333A7B693A303B693A313B693A313B693A323B693A323B693A333B693A333B693A343B693A343B693A353B693A353B693A363B693A363B693A373B693A373B693A383B693A383B693A393B693A393B693A31303B693A31303B693A31313B693A31313B693A31323B693A31323B693A31333B7D733A31303A22746C5F636F6E74656E74223B613A33303A7B693A303B693A313B693A313B693A323B693A323B693A333B693A333B693A343B693A343B693A353B693A353B693A363B693A363B693A373B693A373B693A383B693A383B693A393B693A393B693A31303B693A31303B693A31313B693A31313B693A31323B693A31323B693A31333B693A31333B693A31343B693A31343B693A31353B693A31353B693A31363B693A31363B693A31373B693A31373B693A31383B693A31383B693A31393B693A31393B693A32303B693A32303B693A32313B693A32313B693A32323B693A32323B693A32333B693A32333B693A32343B693A32343B693A32353B693A32353B693A32363B693A32363B693A32373B693A32373B693A32383B693A32383B693A32393B693A32393B693A33303B7D733A31343A22746C5F7374796C655F7368656574223B613A313A7B693A303B693A313B7D733A32313A22746C5F6E6577736C65747465725F6368616E6E656C223B613A313A7B693A303B693A313B7D733A32343A22746C5F6E6577736C65747465725F726563697069656E7473223B613A313A7B693A303B693A313B7D733A31353A22746C5F6E6577735F61726368697665223B613A313A7B693A303B693A313B7D733A373A22746C5F6E657773223B613A313A7B693A303B693A313B7D733A31353A22746C5F6D656D6265725F67726F7570223B613A323A7B693A303B693A313B693A313B693A323B7D733A393A22746C5F6D656D626572223B613A343A7B693A303B693A313B693A313B693A323B693A323B693A333B693A333B693A343B7D733A31313A22746C5F63616C656E646172223B613A313A7B693A303B693A313B7D733A31383A22746C5F63616C656E6461725F6576656E7473223B613A313A7B693A303B693A313B7D733A373A22746C5F75736572223B613A313A7B693A303B693A323B7D7D733A31333A2266696C655069636B6572526566223B733A3138313A22636F6E74616F2F66696C652E7068703F646F3D617669736F74615F6E6577736C6574746572267461626C653D6F726D5F617669736F74615F6D6573736167655F636F6E74656E74266669656C643D696D616765536F75726365266163743D73686F772669643D61616638386665352D316234332D313165342D613931332D3038363036656335386565302676616C75653D2672743D3834653361343634643630383437633136383538393435626633353435363066223B733A31353A22746C5F66696C65735F7069636B6572223B733A303A22223B733A31303A2243555252454E545F4944223B733A313A2232223B733A31323A22706F70757052656665726572223B613A333A7B733A383A223038363966613638223B613A323A7B733A343A226C617374223B733A303A22223B733A373A2263757272656E74223B733A39353A22636F6E74616F2F6D61696E2E7068703F646F3D7468656D6573267461626C653D746C5F7374796C655F73686565742669643D3126706F7075703D312672743D3164336534396232636632653662643038653263396361373266663733356136223B7D733A383A226538646234303330223B613A323A7B733A343A226C617374223B733A303A22223B733A373A2263757272656E74223B733A33323A22636F6E74616F2F6D61696E2E7068703F646F3D66696C657326706F7075703D31223B7D733A383A223135316630326532223B613A323A7B733A343A226C617374223B733A303A22223B733A373A2263757272656E74223B733A33323A22636F6E74616F2F6D61696E2E7068703F646F3D66696C657326706F7075703D31223B7D7D733A32333A22747265655F746C5F6C61796F75745F65787465726E616C223B613A343A7B733A33323A223734666362356632376463613864636337323063346465336131353236313561223B693A313B733A33323A223937303931323735303131373133313564336663653233363930316666346132223B693A313B733A33323A223734613832646436343639636566626561663666333364616434373862316535223B693A313B733A33323A223764646438393530653734646366343436356563366164313865316137353536223B693A313B7D733A31353A226669656C647365745F737461746573223B613A383A7B733A393A22746C5F6C61796F7574223B613A31323A7B733A31313A22666565645F6C6567656E64223B693A313B733A31333A226A71756572795F6C6567656E64223B693A313B733A31353A226D6F6F746F6F6C735F6C6567656E64223B693A313B733A31333A226578706572745F6C6567656E64223B693A313B733A31333A227363726970745F6C6567656E64223B693A313B733A31353A22776562666F6E74735F6C6567656E64223B693A313B733A31333A22636F6C756D6E5F6C6567656E64223B693A313B733A31333A226865616465725F6C6567656E64223B693A303B733A31323A227374796C655F6C6567656E64223B693A313B733A31343A226D6F64756C65735F6C6567656E64223B693A313B733A31333A227374617469635F6C6567656E64223B693A313B733A31353A2273656374696F6E735F6C6567656E64223B693A313B7D733A393A22746C5F6D6F64756C65223B613A343A7B733A31363A227265666572656E63655F6C6567656E64223B693A303B733A31353A2274656D706C6174655F6C6567656E64223B693A313B733A31363A2270726F7465637465645F6C6567656E64223B693A303B733A31333A226578706572745F6C6567656E64223B693A303B7D733A31303A22746C5F636F6E74656E74223B613A313A7B733A31333A226578706572745F6C6567656E64223B693A313B7D733A31313A22746C5F73657474696E6773223B613A31393A7B733A31353A2266726F6E74656E645F6C6567656E64223B693A313B733A31333A22676C6F62616C5F6C6567656E64223B693A313B733A31313A22646174655F6C6567656E64223B693A303B733A31343A226261636B656E645F6C6567656E64223B693A303B733A31323A2270726F78795F6C6567656E64223B693A303B733A31343A22707269766163795F6C6567656E64223B693A303B733A31353A2273656375726974795F6C6567656E64223B693A303B733A31323A2266696C65735F6C6567656E64223B693A303B733A31343A2275706C6F6164735F6C6567656E64223B693A303B733A31333A227365617263685F6C6567656E64223B693A303B733A31313A22736D74705F6C6567656E64223B693A303B733A31343A226D6F64756C65735F6C6567656E64223B693A313B733A31313A2263726F6E5F6C6567656E64223B693A303B733A31343A2274696D656F75745F6C6567656E64223B693A303B733A31323A2263686D6F645F6C6567656E64223B693A303B733A31333A227570646174655F6C6567656E64223B693A303B733A31353A22636F6D706F7365725F6C6567656E64223B693A303B733A31393A22646F637472696E655F6F726D5F6C6567656E64223B693A303B733A31313A22747769675F6C6567656E64223B693A303B7D733A32313A226F726D5F617669736F74615F7472616E73706F7274223B613A323A7B733A373A22636F6E74616374223B693A313B733A353A227377696674223B693A313B7D733A32383A226F726D5F617669736F74615F726563697069656E745F736F75726365223B613A313A7B733A31303A2273616C75746174696F6E223B693A303B7D733A373A22746C5F70616765223B613A313A7B733A31333A226578706572745F6C6567656E64223B693A313B7D733A31303A22746C5F61727469636C65223B613A313A7B733A31353A2274656D706C6174655F6C6567656E64223B693A313B7D7D733A31323A22746C5F706167655F74726565223B613A31393A7B693A313B693A313B693A333B693A313B693A343B693A313B693A363B693A313B693A373B693A313B693A323B693A303B693A31313B693A303B693A31323B693A303B693A31343B693A303B693A31333B693A303B693A31353B693A303B693A383B693A303B693A353B693A303B693A31303B693A303B693A393B693A303B693A31373B693A313B693A31383B693A303B693A31393B693A313B693A32303B693A303B7D733A32333A22746C5F61727469636C655F746C5F706167655F74726565223B613A383A7B693A313B693A313B693A343B693A313B693A333B693A313B693A363B693A313B693A373B693A313B693A353B693A313B693A31373B693A313B693A31393B693A313B7D733A32363A22746C5F61727469636C655F746C5F61727469636C655F74726565223B613A31393A7B693A313B693A303B693A323B693A303B693A343B693A303B693A333B693A303B693A383B693A303B693A353B693A303B693A363B693A303B693A373B693A303B693A393B693A303B693A31303B693A303B693A31313B693A303B693A31333B693A303B693A31323B693A303B693A31343B693A303B693A31353B693A303B693A31363B693A303B693A31373B693A303B693A31383B693A303B693A31393B693A303B7D733A32353A22747265655F746C5F636F6E74656E745F73696E676C65535243223B613A313A7B693A313B693A313B7D733A31353A226261636B656E645F6D6F64756C6573223B613A373A7B733A373A22636F6E74656E74223B693A313B733A31393A226E6F74696669636174696F6E5F63656E746572223B693A313B733A363A2264657369676E223B693A313B733A383A226163636F756E7473223B693A313B733A363A2273797374656D223B693A313B733A383A22646576746F6F6C73223B693A313B733A373A22617669736F7461223B693A313B7D733A36363A22747265655F6F726D5F617669736F74615F726563697069656E745F736F757263655F726563697069656E74734D616E616765537562736372697074696F6E50616765223B613A323A7B693A313B693A313B693A333B693A313B7D733A363A2266696C746572223B613A323A7B733A32313A226F726D5F617669736F74615F726563697069656E74223B613A303A7B7D733A32373A226F726D5F617669736F74615F6D6573736167655F636F6E74656E74223B613A303A7B7D7D733A363A22736561726368223B613A303A7B7D733A373A22736F7274696E67223B613A313A7B733A32313A226F726D5F617669736F74615F726563697069656E74223B733A393A22757064617465644174223B7D733A353A226C696D6974223B613A313A7B733A32313A226F726D5F617669736F74615F726563697069656E74223B613A323A7B733A363A226F6666736574223B733A383A22746C5F6C696D6974223B733A363A22616D6F756E74223B4E3B7D7D733A383A2266696C6574726565223B613A353A7B693A39373039313237353B693A313B733A383A226566313036623238223B693A313B733A383A223734613832646436223B693A313B733A383A226630383562623633223B693A313B733A383A223938366333396330223B693A313B7D733A31393A227374796C655F73686565745F75706461746572223B4E3B733A35313A22747265655F746C5F6D6F64756C655F617669736F74615F61637469766174696F6E5F636F6E6669726D6174696F6E5F70616765223B613A333A7B693A313B693A313B693A333B693A313B693A363B693A313B7D733A35323A22747265655F746C5F6D6F64756C655F617669736F74615F756E7375627363726962655F636F6E6669726D6174696F6E5F70616765223B613A333A7B693A313B693A313B693A333B693A313B693A373B693A313B7D733A35303A22747265655F746C5F6D6F64756C655F617669736F74615F7375627363726962655F636F6E6669726D6174696F6E5F70616765223B613A333A7B693A313B693A313B693A333B693A313B693A363B693A313B7D733A34383A22747265655F746C5F6D6F64756C655F617669736F74615F7375627363726962655F61637469766174696F6E5F70616765223B613A333A7B693A313B693A313B693A333B693A313B693A363B693A313B7D733A35393A22747265655F746C5F6D6F64756C655F617669736F74615F7375627363726962655F61637469766174655F636F6E6669726D6174696F6E5F70616765223B613A333A7B693A313B693A313B693A333B693A313B693A363B693A313B7D733A31373A22494E56414C49445F544F4B454E5F55524C223B733A3132313A22636F6E74616F2F6D61696E2E7068703F646F3D61727469636C65266D6F64653D32267069643D31302672743D6133343666373264366531346261363062326133336531383465613431356230267265663D3039626532613732267461626C653D746C5F636F6E74656E74266163743D656469742669643D3138223B733A31343A22746C5F706167655F7069636B6572223B733A313A2230223B733A35393A22747265655F6F726D5F617669736F74615F726563697069656E745F736F757263655F726563697069656E7473556E73756273637269626550616765223B613A323A7B693A313B693A313B693A333B693A313B7D733A32313A22747265655F746C5F6D6F64756C655F6A756D70546F223B613A323A7B693A313B693A313B693A353B693A313B7D733A33303A22747265655F6F726D5F617669736F74615F6D6573736167655F66696C6573223B613A323A7B733A33323A223937303931323735303131373133313564336663653233363930316666346132223B693A303B733A33323A223734613832646436343639636566626561663666333364616434373862316535223B693A313B7D733A34343A22747265655F6F726D5F617669736F74615F6D6573736167655F636F6E74656E745F696D616765536F75726365223B613A343A7B733A33323A223937303931323735303131373133313564336663653233363930316666346132223B693A313B733A33323A223734613832646436343639636566626561663666333364616434373862316535223B693A313B733A33323A226636343464313263633361356332336235323835363261306436616637386533223B693A313B733A33323A226630383562623633636130313036613332333735333738636233356136626362223B693A313B7D733A31373A226E6577735F666565645F75706461746572223B4E3B733A32333A22747265655F746C5F63616C656E6461725F6A756D70546F223B613A323A7B693A313B693A313B693A31373B693A313B7D733A32313A2263616C656E6461725F666565645F75706461746572223B4E3B733A32373A22747265655F746C5F6E6577735F617263686976655F6A756D70546F223B613A333A7B693A313B693A313B693A31373B693A313B693A31393B693A313B7D733A31323A22746C5F706167655F6E6F6465223B733A323A223131223B7D',1403693943,1437022514,1437220644,3,0,NULL,NULL,NULL,NULL,NULL,NULL,NULL,NULL,NULL,NULL,NULL,NULL,'',NULL,'','contextmenu','');
